[{"uid":"d0b88c44259e92ef","name":"testMethod","time":{"start":1771442526165,"stop":1771442526165,"duration":0},"status":"passed","severity":"normal"},{"uid":"4928e40a9e78b92e","name":"testRegister","time":{"start":1771442526350,"stop":1771442526350,"duration":0},"status":"passed","severity":"normal"},{"uid":"3049ffac59dfc58f","name":"loginTest","time":{"start":1771428037275,"stop":1771428037276,"duration":1},"status":"passed","severity":"normal"},{"uid":"565d69f26f8fccf9","name":"testRegister","time":{"start":1771428484064,"stop":1771428484065,"duration":1},"status":"passed","severity":"normal"},{"uid":"febc6312e1305b7e","name":"testMethod","time":{"start":1771442526160,"stop":1771442526160,"duration":0},"status":"passed","severity":"normal"},{"uid":"c49cd86c453dd58","name":"loginTest","time":{"start":1771428774738,"stop":1771428774742,"duration":4},"status":"passed","severity":"normal"},{"uid":"3daf36246623d5d5","name":"loginTest","time":{"start":1771428483848,"stop":1771428483852,"duration":4},"status":"passed","severity":"normal"},{"uid":"4cfe68842e8ea6a0","name":"loginTest","time":{"start":1771428483971,"stop":1771428483972,"duration":1},"status":"passed","severity":"normal"},{"uid":"7b96f512538d78e8","name":"EmployeePageTest","time":{"start":1771442527794,"stop":1771442533684,"duration":5890},"status":"passed","severity":"normal"},{"uid":"e65410294a0afc85","name":"testRegister","time":{"start":1771428484062,"stop":1771428484062,"duration":0},"status":"passed","severity":"normal"},{"uid":"2158daf082ea7671","name":"loginTest","time":{"start":1771428774867,"stop":1771428774868,"duration":1},"status":"passed","severity":"normal"},{"uid":"af2306512e5b65da","name":"testRegister","time":{"start":1771442526347,"stop":1771442526348,"duration":1},"status":"passed","severity":"normal"},{"uid":"1685dbdfd90bf326","name":"loginTest","time":{"start":1771428774871,"stop":1771428774871,"duration":0},"status":"passed","severity":"normal"},{"uid":"9730407e1c18efee","name":"loginSmokeTest","time":{"start":1771442524076,"stop":1771442527230,"duration":3154},"status":"passed","severity":"critical"},{"uid":"b3d383bfdaaf4ca1","name":"loginTest","time":{"start":1771428037256,"stop":1771428037256,"duration":0},"status":"passed","severity":"normal"},{"uid":"94a24cb0a2f0cc19","name":"loginTest","time":{"start":1771442525464,"stop":1771442525465,"duration":1},"status":"passed","severity":"normal"},{"uid":"b25082d700469b0e","name":"loginTest","time":{"start":1771442525466,"stop":1771442525471,"duration":5},"status":"passed","severity":"normal"},{"uid":"ad5b759d139c272f","name":"testRegister","time":{"start":1771428774905,"stop":1771428774906,"duration":1},"status":"passed","severity":"normal"},{"uid":"c0a1b229de7b9c15","name":"loginSmokeTest","time":{"start":1771442524068,"stop":1771442527791,"duration":3723},"status":"passed","severity":"normal"},{"uid":"25ed41018e1c26a8","name":"EmployeePageTest","time":{"start":1771442527241,"stop":1771442533586,"duration":6345},"status":"passed","severity":"normal"},{"uid":"c0d56031311d0a20","name":"nonGUITest","time":{"start":1771428783686,"stop":1771428791951,"duration":8265},"status":"passed","severity":"normal"},{"uid":"8b371ab091b26f0e","name":"testMethod","time":{"start":1771427073089,"stop":1771427073090,"duration":1},"status":"broken","severity":"normal"},{"uid":"aec9678263d86914","name":"testRegister","time":{"start":1771428774901,"stop":1771428774903,"duration":2},"status":"passed","severity":"normal"},{"uid":"3ae2e1ef679bc27d","name":"nonGUITest","time":{"start":1771428784000,"stop":1771428791979,"duration":7979},"status":"passed","severity":"normal"},{"uid":"7fdffb14d655b35","name":"testRegister","time":{"start":1771428037422,"stop":1771428037423,"duration":1},"status":"passed","severity":"normal"},{"uid":"766c54097fee9b1d","name":"testCRUDJson","time":{"start":1771442525481,"stop":1771442525571,"duration":90},"status":"passed","severity":"normal"},{"uid":"40691edf9ba5a8ed","name":"loginTest","time":{"start":1771428483965,"stop":1771428483965,"duration":0},"status":"passed","severity":"normal"},{"uid":"faa07dd1bd345658","name":"loginTest","time":{"start":1771428483968,"stop":1771428483969,"duration":1},"status":"passed","severity":"normal"},{"uid":"a72021fcf8674236","name":"testRegister","time":{"start":1771428037426,"stop":1771428037426,"duration":0},"status":"passed","severity":"normal"},{"uid":"85352f9ef942098c","name":"loginTest","time":{"start":1771428774873,"stop":1771428774874,"duration":1},"status":"passed","severity":"normal"},{"uid":"1a33728c0914c4e0","name":"loginTest","time":{"start":1771428037132,"stop":1771428037137,"duration":5},"status":"passed","severity":"normal"},{"uid":"466b2530148f6f78","name":"loginTest","time":{"start":1771442525455,"stop":1771442525456,"duration":1},"status":"passed","severity":"normal"},{"uid":"eb367ae5c4df3e17","name":"loginTest","time":{"start":1771442525397,"stop":1771442525403,"duration":6},"status":"passed","severity":"normal"},{"uid":"958b29ed21c8b07c","name":"loginTest","time":{"start":1771428483974,"stop":1771428483975,"duration":1},"status":"passed","severity":"normal"},{"uid":"9fda9145f829dc61","name":"loginTest","time":{"start":1771428037267,"stop":1771428037267,"duration":0},"status":"passed","severity":"normal"},{"uid":"6e7a8fd0cb87addb","name":"testMethod","time":{"start":1771442526155,"stop":1771442526157,"duration":2},"status":"passed","severity":"normal"},{"uid":"28e37528c9706d38","name":"loginTest","time":{"start":1771428774862,"stop":1771428774863,"duration":1},"status":"passed","severity":"normal"},{"uid":"61bb5f9b7e3504e1","name":"loginTest","time":{"start":1771428037270,"stop":1771428037271,"duration":1},"status":"passed","severity":"normal"},{"uid":"dd0d4195d06e64c5","name":"loginTest","time":{"start":1771442525152,"stop":1771442525178,"duration":26},"status":"passed","severity":"normal"},{"uid":"a05927fe65665d93","name":"AdminPageTest","time":{"start":1771442533686,"stop":1771442539504,"duration":5818},"status":"passed","severity":"normal"}]