{"uid":"83edc06c07f9ae9e47eb6dd1b683e4e2","children":[{"name":"auto01","children":[{"name":"nonguitests","children":[{"name":"TestDDT01","children":[{"name":"testMethod","uid":"a3152010677e9dc3","parentUid":"a609704f1b9aa348b0c2f0308ca61fa0","status":"broken","time":{"start":1771427073089,"stop":1771427073090,"duration":1},"flaky":false,"newFailed":false,"newPassed":false,"newBroken":false,"retriesCount":3,"retriesStatusChange":false,"parameters":[],"tags":[]},{"name":"testMethod","uid":"78a81bc24c9d5ebf","parentUid":"a609704f1b9aa348b0c2f0308ca61fa0","status":"passed","time":{"start":1771445351727,"stop":1771445351728,"duration":1},"flaky":false,"newFailed":false,"newPassed":false,"newBroken":false,"retriesCount":10,"retriesStatusChange":false,"parameters":["{TestID=TC001, Field2=BB1, Field3=CC1, Field1=AA1}"],"tags":[]},{"name":"testMethod","uid":"36b7078d342ec808","parentUid":"a609704f1b9aa348b0c2f0308ca61fa0","status":"passed","time":{"start":1771445351735,"stop":1771445351735,"duration":0},"flaky":false,"newFailed":false,"newPassed":false,"newBroken":false,"retriesCount":10,"retriesStatusChange":false,"parameters":["{TestID=TC002, Field2=BB2, Field3=CC2, Field1=AA2}"],"tags":[]},{"name":"testMethod","uid":"2a862f160699b75","parentUid":"a609704f1b9aa348b0c2f0308ca61fa0","status":"passed","time":{"start":1771445351775,"stop":1771445351776,"duration":1},"flaky":false,"newFailed":false,"newPassed":false,"newBroken":false,"retriesCount":10,"retriesStatusChange":false,"parameters":["{TestID=TC003, Field2=BB3, Field3=CC3, Field1=AA3}"],"tags":[]}],"uid":"a609704f1b9aa348b0c2f0308ca61fa0"},{"name":"CRUDJsonTest","children":[{"name":"loginTest","uid":"5f0405dbf712db72","parentUid":"38c482d86eb8dc7da093f9887aac173b","status":"passed","time":{"start":1771428037132,"stop":1771428037137,"duration":5},"flaky":false,"newFailed":false,"newPassed":false,"newBroken":false,"retriesCount":0,"retriesStatusChange":false,"parameters":["pojo_data.TestDataObjects@348553c5"],"tags":[]},{"name":"loginTest","uid":"eaba7cd74fdb46f9","parentUid":"38c482d86eb8dc7da093f9887aac173b","status":"passed","time":{"start":1771428037256,"stop":1771428037256,"duration":0},"flaky":false,"newFailed":false,"newPassed":false,"newBroken":false,"retriesCount":0,"retriesStatusChange":false,"parameters":["pojo_data.TestDataObjects@236dfcb1"],"tags":[]},{"name":"loginTest","uid":"ce22a78d44421f5f","parentUid":"38c482d86eb8dc7da093f9887aac173b","status":"passed","time":{"start":1771428037267,"stop":1771428037267,"duration":0},"flaky":false,"newFailed":false,"newPassed":false,"newBroken":false,"retriesCount":0,"retriesStatusChange":false,"parameters":["pojo_data.TestDataObjects@1c87959e"],"tags":[]},{"name":"loginTest","uid":"d56b549735d47df7","parentUid":"38c482d86eb8dc7da093f9887aac173b","status":"passed","time":{"start":1771428037270,"stop":1771428037271,"duration":1},"flaky":false,"newFailed":false,"newPassed":false,"newBroken":false,"retriesCount":0,"retriesStatusChange":false,"parameters":["pojo_data.TestDataObjects@702b1c04"],"tags":[]},{"name":"loginTest","uid":"fe3663802083404d","parentUid":"38c482d86eb8dc7da093f9887aac173b","status":"passed","time":{"start":1771428037275,"stop":1771428037276,"duration":1},"flaky":false,"newFailed":false,"newPassed":false,"newBroken":false,"retriesCount":0,"retriesStatusChange":false,"parameters":["pojo_data.TestDataObjects@1ea9a01e"],"tags":[]},{"name":"loginTest","uid":"11a852ff9a916349","parentUid":"38c482d86eb8dc7da093f9887aac173b","status":"passed","time":{"start":1771428483848,"stop":1771428483852,"duration":4},"flaky":false,"newFailed":false,"newPassed":false,"newBroken":false,"retriesCount":0,"retriesStatusChange":false,"parameters":["pojo_data.TestDataObjects@26821f30"],"tags":[]},{"name":"loginTest","uid":"b6225d6205a86e84","parentUid":"38c482d86eb8dc7da093f9887aac173b","status":"passed","time":{"start":1771428483965,"stop":1771428483965,"duration":0},"flaky":false,"newFailed":false,"newPassed":false,"newBroken":false,"retriesCount":0,"retriesStatusChange":false,"parameters":["pojo_data.TestDataObjects@3cc5b17b"],"tags":[]},{"name":"loginTest","uid":"c15fc4d85e5c8a69","parentUid":"38c482d86eb8dc7da093f9887aac173b","status":"passed","time":{"start":1771428483968,"stop":1771428483969,"duration":1},"flaky":false,"newFailed":false,"newPassed":false,"newBroken":false,"retriesCount":0,"retriesStatusChange":false,"parameters":["pojo_data.TestDataObjects@2ab9debf"],"tags":[]},{"name":"loginTest","uid":"ee901db8eb91f5bb","parentUid":"38c482d86eb8dc7da093f9887aac173b","status":"passed","time":{"start":1771428483971,"stop":1771428483972,"duration":1},"flaky":false,"newFailed":false,"newPassed":false,"newBroken":false,"retriesCount":0,"retriesStatusChange":false,"parameters":["pojo_data.TestDataObjects@521f9a5b"],"tags":[]},{"name":"loginTest","uid":"9b899d79f11a84e1","parentUid":"38c482d86eb8dc7da093f9887aac173b","status":"passed","time":{"start":1771428483974,"stop":1771428483975,"duration":1},"flaky":false,"newFailed":false,"newPassed":false,"newBroken":false,"retriesCount":0,"retriesStatusChange":false,"parameters":["pojo_data.TestDataObjects@103b494"],"tags":[]},{"name":"loginTest","uid":"ee80c0142a556dc8","parentUid":"38c482d86eb8dc7da093f9887aac173b","status":"passed","time":{"start":1771428774738,"stop":1771428774742,"duration":4},"flaky":false,"newFailed":false,"newPassed":false,"newBroken":false,"retriesCount":0,"retriesStatusChange":false,"parameters":["pojo_data.TestDataObjects@70d89432"],"tags":[]},{"name":"loginTest","uid":"2a77f4921aee5dd2","parentUid":"38c482d86eb8dc7da093f9887aac173b","status":"passed","time":{"start":1771428774862,"stop":1771428774863,"duration":1},"flaky":false,"newFailed":false,"newPassed":false,"newBroken":false,"retriesCount":0,"retriesStatusChange":false,"parameters":["pojo_data.TestDataObjects@664bcb65"],"tags":[]},{"name":"loginTest","uid":"fed9410884f0893","parentUid":"38c482d86eb8dc7da093f9887aac173b","status":"passed","time":{"start":1771428774867,"stop":1771428774868,"duration":1},"flaky":false,"newFailed":false,"newPassed":false,"newBroken":false,"retriesCount":0,"retriesStatusChange":false,"parameters":["pojo_data.TestDataObjects@354fb195"],"tags":[]},{"name":"loginTest","uid":"be720c2d9f73a2de","parentUid":"38c482d86eb8dc7da093f9887aac173b","status":"passed","time":{"start":1771428774871,"stop":1771428774871,"duration":0},"flaky":false,"newFailed":false,"newPassed":false,"newBroken":false,"retriesCount":0,"retriesStatusChange":false,"parameters":["pojo_data.TestDataObjects@723d6328"],"tags":[]},{"name":"loginTest","uid":"78cc20f3a9657b84","parentUid":"38c482d86eb8dc7da093f9887aac173b","status":"passed","time":{"start":1771428774873,"stop":1771428774874,"duration":1},"flaky":false,"newFailed":false,"newPassed":false,"newBroken":false,"retriesCount":0,"retriesStatusChange":false,"parameters":["pojo_data.TestDataObjects@736bcbdc"],"tags":[]},{"name":"loginTest","uid":"46e8759aeebb3400","parentUid":"38c482d86eb8dc7da093f9887aac173b","status":"passed","time":{"start":1771445351037,"stop":1771445351046,"duration":9},"flaky":false,"newFailed":false,"newPassed":false,"newBroken":false,"retriesCount":0,"retriesStatusChange":false,"parameters":["pojo_data.TestDataObjects@4f9bb0c4"],"tags":[]},{"name":"loginTest","uid":"d687d8d857cabd98","parentUid":"38c482d86eb8dc7da093f9887aac173b","status":"passed","time":{"start":1771445351256,"stop":1771445351257,"duration":1},"flaky":false,"newFailed":false,"newPassed":false,"newBroken":false,"retriesCount":0,"retriesStatusChange":false,"parameters":["pojo_data.TestDataObjects@5f9fbd3a"],"tags":[]},{"name":"loginTest","uid":"a54c2209ad8d6e92","parentUid":"38c482d86eb8dc7da093f9887aac173b","status":"passed","time":{"start":1771445351268,"stop":1771445351269,"duration":1},"flaky":false,"newFailed":false,"newPassed":false,"newBroken":false,"retriesCount":0,"retriesStatusChange":false,"parameters":["pojo_data.TestDataObjects@1fc22d5"],"tags":[]},{"name":"loginTest","uid":"f6884a8d5fa01fcb","parentUid":"38c482d86eb8dc7da093f9887aac173b","status":"passed","time":{"start":1771445351274,"stop":1771445351274,"duration":0},"flaky":false,"newFailed":false,"newPassed":false,"newBroken":false,"retriesCount":0,"retriesStatusChange":false,"parameters":["pojo_data.TestDataObjects@557f8463"],"tags":[]},{"name":"loginTest","uid":"56026b8bc0e2445a","parentUid":"38c482d86eb8dc7da093f9887aac173b","status":"passed","time":{"start":1771445351276,"stop":1771445351276,"duration":0},"flaky":false,"newFailed":false,"newPassed":false,"newBroken":false,"retriesCount":0,"retriesStatusChange":false,"parameters":["pojo_data.TestDataObjects@2eebe7d8"],"tags":[]},{"name":"testCRUDJson","uid":"7eae0148e28942fe","parentUid":"38c482d86eb8dc7da093f9887aac173b","status":"passed","time":{"start":1771445351283,"stop":1771445351401,"duration":118},"flaky":false,"newFailed":false,"newPassed":false,"newBroken":false,"retriesCount":3,"retriesStatusChange":false,"parameters":[],"tags":[]}],"uid":"38c482d86eb8dc7da093f9887aac173b"},{"name":"TestDataFaker","children":[{"name":"testRegister","uid":"82a9880c0d5d638","parentUid":"0c100448e05e3881c8fcccdcc7e4345d","status":"passed","time":{"start":1771428037422,"stop":1771428037423,"duration":1},"flaky":false,"newFailed":false,"newPassed":false,"newBroken":false,"retriesCount":0,"retriesStatusChange":false,"parameters":["pojo_data.User@3254b3e6"],"tags":[]},{"name":"testRegister","uid":"ca2aab2b02b3bddd","parentUid":"0c100448e05e3881c8fcccdcc7e4345d","status":"passed","time":{"start":1771428037426,"stop":1771428037426,"duration":0},"flaky":false,"newFailed":false,"newPassed":false,"newBroken":false,"retriesCount":0,"retriesStatusChange":false,"parameters":["pojo_data.User@74369067"],"tags":[]},{"name":"testRegister","uid":"ef15de40d117b9de","parentUid":"0c100448e05e3881c8fcccdcc7e4345d","status":"passed","time":{"start":1771428484062,"stop":1771428484062,"duration":0},"flaky":false,"newFailed":false,"newPassed":false,"newBroken":false,"retriesCount":0,"retriesStatusChange":false,"parameters":["pojo_data.User@400d5223"],"tags":[]},{"name":"testRegister","uid":"fb9e012d04d6c0e1","parentUid":"0c100448e05e3881c8fcccdcc7e4345d","status":"passed","time":{"start":1771428484064,"stop":1771428484065,"duration":1},"flaky":false,"newFailed":false,"newPassed":false,"newBroken":false,"retriesCount":0,"retriesStatusChange":false,"parameters":["pojo_data.User@9222f52"],"tags":[]},{"name":"testRegister","uid":"9178425757eb71f8","parentUid":"0c100448e05e3881c8fcccdcc7e4345d","status":"passed","time":{"start":1771428774901,"stop":1771428774903,"duration":2},"flaky":false,"newFailed":false,"newPassed":false,"newBroken":false,"retriesCount":0,"retriesStatusChange":false,"parameters":["pojo_data.User@2fc52ab9"],"tags":[]},{"name":"testRegister","uid":"ac2c450411261d3a","parentUid":"0c100448e05e3881c8fcccdcc7e4345d","status":"passed","time":{"start":1771428774905,"stop":1771428774906,"duration":1},"flaky":false,"newFailed":false,"newPassed":false,"newBroken":false,"retriesCount":0,"retriesStatusChange":false,"parameters":["pojo_data.User@4bfd034a"],"tags":[]},{"name":"testRegister","uid":"1b74d56c78c0d838","parentUid":"0c100448e05e3881c8fcccdcc7e4345d","status":"passed","time":{"start":1771445351920,"stop":1771445351922,"duration":2},"flaky":false,"newFailed":false,"newPassed":false,"newBroken":false,"retriesCount":0,"retriesStatusChange":false,"parameters":["pojo_data.User@11f57b04"],"tags":[]},{"name":"testRegister","uid":"7bf59c33f5c25f51","parentUid":"0c100448e05e3881c8fcccdcc7e4345d","status":"passed","time":{"start":1771445351928,"stop":1771445351928,"duration":0},"flaky":false,"newFailed":false,"newPassed":false,"newBroken":false,"retriesCount":0,"retriesStatusChange":false,"parameters":["pojo_data.User@228618eb"],"tags":[]}],"uid":"0c100448e05e3881c8fcccdcc7e4345d"}],"uid":"baee6725e5cc3d0cf7a07dcbb26cbd7a"},{"name":"uitests1.LoginTest1","children":[{"name":"nonGUITest","uid":"282d6e048935106e","parentUid":"7e324582fbf9e9fe9c3b7ffa42df7728","status":"passed","time":{"start":1771428783686,"stop":1771428791951,"duration":8265},"flaky":false,"newFailed":false,"newPassed":false,"newBroken":false,"retriesCount":6,"retriesStatusChange":false,"parameters":[],"tags":[]},{"name":"loginSmokeTest","uid":"e84c839d4ca2feb6","parentUid":"7e324582fbf9e9fe9c3b7ffa42df7728","status":"passed","time":{"start":1771445350032,"stop":1771445359306,"duration":9274},"flaky":false,"newFailed":false,"newPassed":false,"newBroken":false,"retriesCount":7,"retriesStatusChange":true,"parameters":[],"tags":[]},{"name":"EmployeePageTest","uid":"b06829ca3dbcea28","parentUid":"7e324582fbf9e9fe9c3b7ffa42df7728","status":"passed","time":{"start":1771445359318,"stop":1771445369642,"duration":10324},"flaky":false,"newFailed":false,"newPassed":false,"newBroken":false,"retriesCount":0,"retriesStatusChange":false,"parameters":[],"tags":[]}],"uid":"uitests1.LoginTest1"},{"name":"uitests2.LoginTest2","children":[{"name":"nonGUITest","uid":"9684709d35c9b9cc","parentUid":"1dea609198ebc27c681db221a0b1a47e","status":"passed","time":{"start":1771428784000,"stop":1771428791979,"duration":7979},"flaky":false,"newFailed":false,"newPassed":false,"newBroken":false,"retriesCount":6,"retriesStatusChange":false,"parameters":[],"tags":[]},{"name":"loginSmokeTest","uid":"e7dfd4997488c609","parentUid":"1dea609198ebc27c681db221a0b1a47e","status":"passed","time":{"start":1771445350001,"stop":1771445361231,"duration":11230},"flaky":false,"newFailed":false,"newPassed":false,"newBroken":false,"retriesCount":7,"retriesStatusChange":true,"parameters":[],"tags":[]},{"name":"EmployeePageTest","uid":"3286356e298554f9","parentUid":"1dea609198ebc27c681db221a0b1a47e","status":"passed","time":{"start":1771445361236,"stop":1771445371450,"duration":10214},"flaky":false,"newFailed":false,"newPassed":false,"newBroken":false,"retriesCount":0,"retriesStatusChange":false,"parameters":[],"tags":[]},{"name":"AdminPageTest","uid":"19fd2202c188e392","parentUid":"1dea609198ebc27c681db221a0b1a47e","status":"passed","time":{"start":1771445371453,"stop":1771445378416,"duration":6963},"flaky":false,"newFailed":false,"newPassed":false,"newBroken":false,"retriesCount":0,"retriesStatusChange":false,"parameters":[],"tags":[]}],"uid":"uitests2.LoginTest2"}],"uid":"9bdb4e01fc86f154067cb6f3962f3d60"}],"name":"packages"}