{"uid":"ab17fc5a4eb3bca4b216b548c7f9fcbc","children":[{"name":"DESKTOP-E82BV1F","children":[{"name":"18264@DESKTOP-E82BV1F.TestNG-tests-1(44)","children":[{"name":"loginSmokeTest","uid":"dabfa7a6946abe25","parentUid":"cd8fccbccb192960b231dedd1a6ea64e","status":"passed","time":{"start":1771428036508,"stop":1771428049639,"duration":13131},"flaky":false,"newFailed":false,"newPassed":false,"newBroken":false,"retriesCount":0,"retriesStatusChange":false,"parameters":[],"tags":[]},{"name":"nonGUITest","uid":"b3a90e3cc2afcd98","parentUid":"cd8fccbccb192960b231dedd1a6ea64e","status":"passed","time":{"start":1771428049647,"stop":1771428056687,"duration":7040},"flaky":false,"newFailed":false,"newPassed":false,"newBroken":false,"retriesCount":0,"retriesStatusChange":false,"parameters":[],"tags":[]}],"uid":"cd8fccbccb192960b231dedd1a6ea64e"},{"name":"18264@DESKTOP-E82BV1F.TestNG-test-Non-GUI Data Tests-3(49)","children":[{"name":"testMethod","uid":"1a907af0dace0e08","parentUid":"35c2c228c871fcc8e397feb37d47a6aa","status":"passed","time":{"start":1771428037597,"stop":1771428037598,"duration":1},"flaky":false,"newFailed":false,"newPassed":false,"newBroken":false,"retriesCount":0,"retriesStatusChange":false,"parameters":["{TestID=TC001, Field2=BB1, Field3=CC1, Field1=AA1}"],"tags":[]},{"name":"testMethod","uid":"7c9d2c6af5524009","parentUid":"35c2c228c871fcc8e397feb37d47a6aa","status":"passed","time":{"start":1771428037600,"stop":1771428037600,"duration":0},"flaky":false,"newFailed":false,"newPassed":false,"newBroken":false,"retriesCount":0,"retriesStatusChange":false,"parameters":["{TestID=TC002, Field2=BB2, Field3=CC2, Field1=AA2}"],"tags":[]},{"name":"testMethod","uid":"42da1ec310565f5d","parentUid":"35c2c228c871fcc8e397feb37d47a6aa","status":"passed","time":{"start":1771428037603,"stop":1771428037603,"duration":0},"flaky":false,"newFailed":false,"newPassed":false,"newBroken":false,"retriesCount":0,"retriesStatusChange":false,"parameters":["{TestID=TC003, Field2=BB3, Field3=CC3, Field1=AA3}"],"tags":[]}],"uid":"35c2c228c871fcc8e397feb37d47a6aa"},{"name":"20988@DESKTOP-E82BV1F.TestNG-test-Non-GUI Data Tests-1(47)","children":[{"name":"loginTest","uid":"fed9410884f0893","parentUid":"1352eeaa16f4786770ce58e9a4e5f314","status":"passed","time":{"start":1771428774867,"stop":1771428774868,"duration":1},"flaky":false,"newFailed":false,"newPassed":false,"newBroken":false,"retriesCount":0,"retriesStatusChange":false,"parameters":["pojo_data.TestDataObjects@354fb195"],"tags":[]},{"name":"loginTest","uid":"ee80c0142a556dc8","parentUid":"1352eeaa16f4786770ce58e9a4e5f314","status":"passed","time":{"start":1771428774738,"stop":1771428774742,"duration":4},"flaky":false,"newFailed":false,"newPassed":false,"newBroken":false,"retriesCount":0,"retriesStatusChange":false,"parameters":["pojo_data.TestDataObjects@70d89432"],"tags":[]},{"name":"testCRUDJson","uid":"8256816bf584052c","parentUid":"1352eeaa16f4786770ce58e9a4e5f314","status":"passed","time":{"start":1771428774879,"stop":1771428774938,"duration":59},"flaky":false,"newFailed":false,"newPassed":false,"newBroken":false,"retriesCount":0,"retriesStatusChange":false,"parameters":[],"tags":[]},{"name":"loginTest","uid":"be720c2d9f73a2de","parentUid":"1352eeaa16f4786770ce58e9a4e5f314","status":"passed","time":{"start":1771428774871,"stop":1771428774871,"duration":0},"flaky":false,"newFailed":false,"newPassed":false,"newBroken":false,"retriesCount":0,"retriesStatusChange":false,"parameters":["pojo_data.TestDataObjects@723d6328"],"tags":[]},{"name":"loginTest","uid":"2a77f4921aee5dd2","parentUid":"1352eeaa16f4786770ce58e9a4e5f314","status":"passed","time":{"start":1771428774862,"stop":1771428774863,"duration":1},"flaky":false,"newFailed":false,"newPassed":false,"newBroken":false,"retriesCount":0,"retriesStatusChange":false,"parameters":["pojo_data.TestDataObjects@664bcb65"],"tags":[]},{"name":"loginTest","uid":"78cc20f3a9657b84","parentUid":"1352eeaa16f4786770ce58e9a4e5f314","status":"passed","time":{"start":1771428774873,"stop":1771428774874,"duration":1},"flaky":false,"newFailed":false,"newPassed":false,"newBroken":false,"retriesCount":0,"retriesStatusChange":false,"parameters":["pojo_data.TestDataObjects@736bcbdc"],"tags":[]}],"uid":"1352eeaa16f4786770ce58e9a4e5f314"},{"name":"28280@DESKTOP-E82BV1F.TestNG-test-Non-GUI Data Tests-3(49)","children":[{"name":"testMethod","uid":"3d456192f9f33912","parentUid":"cce5df90eeb8b1557963dea972677878","status":"passed","time":{"start":1771428484227,"stop":1771428484228,"duration":1},"flaky":false,"newFailed":false,"newPassed":false,"newBroken":false,"retriesCount":0,"retriesStatusChange":false,"parameters":["{TestID=TC002, Field2=BB2, Field3=CC2, Field1=AA2}"],"tags":[]},{"name":"testMethod","uid":"864c07214a33784e","parentUid":"cce5df90eeb8b1557963dea972677878","status":"passed","time":{"start":1771428484231,"stop":1771428484231,"duration":0},"flaky":false,"newFailed":false,"newPassed":false,"newBroken":false,"retriesCount":0,"retriesStatusChange":false,"parameters":["{TestID=TC003, Field2=BB3, Field3=CC3, Field1=AA3}"],"tags":[]},{"name":"testMethod","uid":"622aefc69658db6","parentUid":"cce5df90eeb8b1557963dea972677878","status":"passed","time":{"start":1771428484224,"stop":1771428484224,"duration":0},"flaky":false,"newFailed":false,"newPassed":false,"newBroken":false,"retriesCount":0,"retriesStatusChange":false,"parameters":["{TestID=TC001, Field2=BB1, Field3=CC1, Field1=AA1}"],"tags":[]}],"uid":"cce5df90eeb8b1557963dea972677878"},{"name":"20988@DESKTOP-E82BV1F.TestNG-tests-2(45)","children":[{"name":"loginSmokeTest","uid":"89becc3db7d000e2","parentUid":"75773f3797b1e66a537b24891b525b35","status":"passed","time":{"start":1771428774152,"stop":1771428783998,"duration":9846},"flaky":false,"newFailed":false,"newPassed":false,"newBroken":false,"retriesCount":0,"retriesStatusChange":false,"parameters":[],"tags":[]},{"name":"nonGUITest","uid":"9684709d35c9b9cc","parentUid":"75773f3797b1e66a537b24891b525b35","status":"passed","time":{"start":1771428784000,"stop":1771428791979,"duration":7979},"flaky":false,"newFailed":false,"newPassed":false,"newBroken":false,"retriesCount":6,"retriesStatusChange":false,"parameters":[],"tags":[]}],"uid":"75773f3797b1e66a537b24891b525b35"},{"name":"25348@DESKTOP-E82BV1F.main(1)","children":[{"name":"testMethod","uid":"f15389000b566707","parentUid":"c4b63b154c4c04c10790b92296c0e812","status":"passed","time":{"start":1771426697729,"stop":1771426697736,"duration":7},"flaky":false,"newFailed":false,"newPassed":false,"newBroken":false,"retriesCount":0,"retriesStatusChange":false,"parameters":["{TestID=TC001, Field2=BB1, Field3=CC1, Field1=AA1}"],"tags":[]},{"name":"testMethod","uid":"282460a7945d6685","parentUid":"c4b63b154c4c04c10790b92296c0e812","status":"passed","time":{"start":1771426697807,"stop":1771426697807,"duration":0},"flaky":false,"newFailed":false,"newPassed":false,"newBroken":false,"retriesCount":0,"retriesStatusChange":false,"parameters":["{TestID=TC002, Field2=BB2, Field3=CC2, Field1=AA2}"],"tags":[]},{"name":"testMethod","uid":"b7e56bb7c7b3f348","parentUid":"c4b63b154c4c04c10790b92296c0e812","status":"passed","time":{"start":1771426697810,"stop":1771426697810,"duration":0},"flaky":false,"newFailed":false,"newPassed":false,"newBroken":false,"retriesCount":0,"retriesStatusChange":false,"parameters":["{TestID=TC003, Field2=BB3, Field3=CC3, Field1=AA3}"],"tags":[]}],"uid":"c4b63b154c4c04c10790b92296c0e812"},{"name":"20988@DESKTOP-E82BV1F.TestNG-test-Non-GUI Data Tests-2(48)","children":[{"name":"testRegister","uid":"9178425757eb71f8","parentUid":"32496fa09b7731dd63eb8184569616cb","status":"passed","time":{"start":1771428774901,"stop":1771428774903,"duration":2},"flaky":false,"newFailed":false,"newPassed":false,"newBroken":false,"retriesCount":0,"retriesStatusChange":false,"parameters":["pojo_data.User@2fc52ab9"],"tags":[]},{"name":"testRegister","uid":"ac2c450411261d3a","parentUid":"32496fa09b7731dd63eb8184569616cb","status":"passed","time":{"start":1771428774905,"stop":1771428774906,"duration":1},"flaky":false,"newFailed":false,"newPassed":false,"newBroken":false,"retriesCount":0,"retriesStatusChange":false,"parameters":["pojo_data.User@4bfd034a"],"tags":[]}],"uid":"32496fa09b7731dd63eb8184569616cb"},{"name":"18264@DESKTOP-E82BV1F.TestNG-test-Non-GUI Data Tests-1(47)","children":[{"name":"loginTest","uid":"fe3663802083404d","parentUid":"6a3f614171703df206f567bc3553f9be","status":"passed","time":{"start":1771428037275,"stop":1771428037276,"duration":1},"flaky":false,"newFailed":false,"newPassed":false,"newBroken":false,"retriesCount":0,"retriesStatusChange":false,"parameters":["pojo_data.TestDataObjects@1ea9a01e"],"tags":[]},{"name":"loginTest","uid":"5f0405dbf712db72","parentUid":"6a3f614171703df206f567bc3553f9be","status":"passed","time":{"start":1771428037132,"stop":1771428037137,"duration":5},"flaky":false,"newFailed":false,"newPassed":false,"newBroken":false,"retriesCount":0,"retriesStatusChange":false,"parameters":["pojo_data.TestDataObjects@348553c5"],"tags":[]},{"name":"loginTest","uid":"eaba7cd74fdb46f9","parentUid":"6a3f614171703df206f567bc3553f9be","status":"passed","time":{"start":1771428037256,"stop":1771428037256,"duration":0},"flaky":false,"newFailed":false,"newPassed":false,"newBroken":false,"retriesCount":0,"retriesStatusChange":false,"parameters":["pojo_data.TestDataObjects@236dfcb1"],"tags":[]},{"name":"loginTest","uid":"ce22a78d44421f5f","parentUid":"6a3f614171703df206f567bc3553f9be","status":"passed","time":{"start":1771428037267,"stop":1771428037267,"duration":0},"flaky":false,"newFailed":false,"newPassed":false,"newBroken":false,"retriesCount":0,"retriesStatusChange":false,"parameters":["pojo_data.TestDataObjects@1c87959e"],"tags":[]},{"name":"testCRUDJson","uid":"16777ca2a4ce44fa","parentUid":"6a3f614171703df206f567bc3553f9be","status":"passed","time":{"start":1771428037280,"stop":1771428037366,"duration":86},"flaky":false,"newFailed":false,"newPassed":false,"newBroken":false,"retriesCount":0,"retriesStatusChange":false,"parameters":[],"tags":[]},{"name":"loginTest","uid":"d56b549735d47df7","parentUid":"6a3f614171703df206f567bc3553f9be","status":"passed","time":{"start":1771428037270,"stop":1771428037271,"duration":1},"flaky":false,"newFailed":false,"newPassed":false,"newBroken":false,"retriesCount":0,"retriesStatusChange":false,"parameters":["pojo_data.TestDataObjects@702b1c04"],"tags":[]}],"uid":"6a3f614171703df206f567bc3553f9be"},{"name":"28280@DESKTOP-E82BV1F.TestNG-tests-2(45)","children":[{"name":"nonGUITest","uid":"10fe02ec73cc5f84","parentUid":"05fd6f8b882e496a8d8385d5cdf9a61b","status":"passed","time":{"start":1771428491466,"stop":1771428498290,"duration":6824},"flaky":false,"newFailed":false,"newPassed":false,"newBroken":false,"retriesCount":0,"retriesStatusChange":false,"parameters":[],"tags":[]},{"name":"loginSmokeTest","uid":"8a1b98394ef2ef5d","parentUid":"05fd6f8b882e496a8d8385d5cdf9a61b","status":"passed","time":{"start":1771428483213,"stop":1771428491457,"duration":8244},"flaky":false,"newFailed":false,"newPassed":false,"newBroken":false,"retriesCount":0,"retriesStatusChange":false,"parameters":[],"tags":[]}],"uid":"05fd6f8b882e496a8d8385d5cdf9a61b"},{"name":"23092@DESKTOP-E82BV1F.main(1)","children":[{"name":"testMethod","uid":"2ecddf21dc72aa0d","parentUid":"a1561d9555cc1c57484d6d9d10f95b24","status":"passed","time":{"start":1771426201055,"stop":1771426201056,"duration":1},"flaky":false,"newFailed":false,"newPassed":false,"newBroken":false,"retriesCount":0,"retriesStatusChange":false,"parameters":["{TestID=TC002, Field2=BB2, Field3=CC2, Field1=AA2}"],"tags":[]},{"name":"testMethod","uid":"23cc2a791746c8a1","parentUid":"a1561d9555cc1c57484d6d9d10f95b24","status":"passed","time":{"start":1771426200982,"stop":1771426200987,"duration":5},"flaky":false,"newFailed":false,"newPassed":false,"newBroken":false,"retriesCount":0,"retriesStatusChange":false,"parameters":["{TestID=TC001, Field2=BB1, Field3=CC1, Field1=AA1}"],"tags":[]},{"name":"testMethod","uid":"56e7974fd3ffc9bd","parentUid":"a1561d9555cc1c57484d6d9d10f95b24","status":"passed","time":{"start":1771426201058,"stop":1771426201059,"duration":1},"flaky":false,"newFailed":false,"newPassed":false,"newBroken":false,"retriesCount":0,"retriesStatusChange":false,"parameters":["{TestID=TC003, Field2=BB3, Field3=CC3, Field1=AA3}"],"tags":[]}],"uid":"a1561d9555cc1c57484d6d9d10f95b24"},{"name":"7928@DESKTOP-E82BV1F.TestNG-tests-2(43)","children":[{"name":"nonGUITest","uid":"56d5efd8aa18e4f5","parentUid":"e24c50f6a6506f982206097780d9fafd","status":"passed","time":{"start":1771422179283,"stop":1771422186506,"duration":7223},"flaky":false,"newFailed":false,"newPassed":false,"newBroken":false,"retriesCount":0,"retriesStatusChange":false,"parameters":[],"tags":[]},{"name":"loginSmokeTest","uid":"38239cf518e688ae","parentUid":"e24c50f6a6506f982206097780d9fafd","status":"passed","time":{"start":1771422171499,"stop":1771422179223,"duration":7724},"flaky":false,"newFailed":false,"newPassed":false,"newBroken":false,"retriesCount":0,"retriesStatusChange":false,"parameters":[],"tags":[]}],"uid":"e24c50f6a6506f982206097780d9fafd"},{"name":"20988@DESKTOP-E82BV1F.TestNG-tests-1(44)","children":[{"name":"nonGUITest","uid":"282d6e048935106e","parentUid":"fdefe93fd2d5451301c6f9f46eaa8c30","status":"passed","time":{"start":1771428783686,"stop":1771428791951,"duration":8265},"flaky":false,"newFailed":false,"newPassed":false,"newBroken":false,"retriesCount":6,"retriesStatusChange":false,"parameters":[],"tags":[]},{"name":"loginSmokeTest","uid":"7817b9fd5fc26eee","parentUid":"fdefe93fd2d5451301c6f9f46eaa8c30","status":"passed","time":{"start":1771428774154,"stop":1771428783678,"duration":9524},"flaky":false,"newFailed":false,"newPassed":false,"newBroken":false,"retriesCount":0,"retriesStatusChange":false,"parameters":[],"tags":[]}],"uid":"fdefe93fd2d5451301c6f9f46eaa8c30"},{"name":"27608@DESKTOP-E82BV1F.main(1)","children":[{"name":"testMethod","uid":"f0c07c5dda48d39d","parentUid":"3e728544c61cd68afe0baafb97a60448","status":"passed","time":{"start":1771426057107,"stop":1771426057108,"duration":1},"flaky":false,"newFailed":false,"newPassed":false,"newBroken":false,"retriesCount":0,"retriesStatusChange":false,"parameters":["{TestID=TC002, Field2=BB2, Field3=CC2, Field1=AA2}"],"tags":[]},{"name":"testMethod","uid":"2d4ff1ad584b0d03","parentUid":"3e728544c61cd68afe0baafb97a60448","status":"passed","time":{"start":1771426057037,"stop":1771426057043,"duration":6},"flaky":false,"newFailed":false,"newPassed":false,"newBroken":false,"retriesCount":0,"retriesStatusChange":false,"parameters":["{TestID=TC001, Field2=BB1, Field3=CC1, Field1=AA1}"],"tags":[]},{"name":"testMethod","uid":"219d5e8f81fa4f3","parentUid":"3e728544c61cd68afe0baafb97a60448","status":"passed","time":{"start":1771426057110,"stop":1771426057111,"duration":1},"flaky":false,"newFailed":false,"newPassed":false,"newBroken":false,"retriesCount":0,"retriesStatusChange":false,"parameters":["{TestID=TC003, Field2=BB3, Field3=CC3, Field1=AA3}"],"tags":[]}],"uid":"3e728544c61cd68afe0baafb97a60448"},{"name":"27764@DESKTOP-E82BV1F.main(1)","children":[{"name":"testMethod","uid":"3d6fad6bd193b224","parentUid":"67a3e834de959d4e9e7cbd9f57dd623f","status":"broken","time":{"start":1771425593776,"stop":1771425593777,"duration":1},"flaky":false,"newFailed":false,"newPassed":false,"newBroken":false,"retriesCount":0,"retriesStatusChange":false,"parameters":[],"tags":[]}],"uid":"67a3e834de959d4e9e7cbd9f57dd623f"},{"name":"14696@DESKTOP-E82BV1F.TestNG-tests-2(43)","children":[{"name":"loginSmokeTest","uid":"1c53b932e2ec03eb","parentUid":"36655cf06422c988cbde26b4cfa6a23d","status":"passed","time":{"start":1771420664674,"stop":1771420676934,"duration":12260},"flaky":false,"newFailed":false,"newPassed":false,"newBroken":false,"retriesCount":0,"retriesStatusChange":false,"parameters":[],"tags":[]},{"name":"nonGUITest","uid":"485439498c4dcee7","parentUid":"36655cf06422c988cbde26b4cfa6a23d","status":"passed","time":{"start":1771420676939,"stop":1771420689153,"duration":12214},"flaky":false,"newFailed":false,"newPassed":false,"newBroken":false,"retriesCount":0,"retriesStatusChange":false,"parameters":[],"tags":[]}],"uid":"36655cf06422c988cbde26b4cfa6a23d"},{"name":"21488@DESKTOP-E82BV1F.TestNG-tests-2(43)","children":[{"name":"loginSmokeTest","uid":"a1388a703a3cf3df","parentUid":"0129b2383a0357eba4b10b65ab283223","status":"passed","time":{"start":1771422608663,"stop":1771422616860,"duration":8197},"flaky":false,"newFailed":false,"newPassed":false,"newBroken":false,"retriesCount":0,"retriesStatusChange":false,"parameters":[],"tags":[]},{"name":"nonGUITest","uid":"65d745fea2b3b0a8","parentUid":"0129b2383a0357eba4b10b65ab283223","status":"passed","time":{"start":1771422616950,"stop":1771422624504,"duration":7554},"flaky":false,"newFailed":false,"newPassed":false,"newBroken":false,"retriesCount":0,"retriesStatusChange":false,"parameters":[],"tags":[]}],"uid":"0129b2383a0357eba4b10b65ab283223"},{"name":"7928@DESKTOP-E82BV1F.TestNG-tests-1(42)","children":[{"name":"nonGUITest","uid":"d652728eead3cc03","parentUid":"c625c5f2b3a3bb711803e5e390e2137e","status":"passed","time":{"start":1771422179283,"stop":1771422186629,"duration":7346},"flaky":false,"newFailed":false,"newPassed":false,"newBroken":false,"retriesCount":0,"retriesStatusChange":false,"parameters":[],"tags":[]},{"name":"loginSmokeTest","uid":"7bdbbad9992af3e2","parentUid":"c625c5f2b3a3bb711803e5e390e2137e","status":"passed","time":{"start":1771422171501,"stop":1771422179208,"duration":7707},"flaky":false,"newFailed":false,"newPassed":false,"newBroken":false,"retriesCount":0,"retriesStatusChange":false,"parameters":[],"tags":[]}],"uid":"c625c5f2b3a3bb711803e5e390e2137e"},{"name":"21488@DESKTOP-E82BV1F.TestNG-tests-1(42)","children":[{"name":"nonGUITest","uid":"dc0bce50214fd72c","parentUid":"b501eb6fd08689a6a8d6047871f77fc7","status":"passed","time":{"start":1771422616950,"stop":1771422624783,"duration":7833},"flaky":false,"newFailed":false,"newPassed":false,"newBroken":false,"retriesCount":0,"retriesStatusChange":false,"parameters":[],"tags":[]},{"name":"loginSmokeTest","uid":"11408f2ec6955633","parentUid":"b501eb6fd08689a6a8d6047871f77fc7","status":"passed","time":{"start":1771422608664,"stop":1771422616907,"duration":8243},"flaky":false,"newFailed":false,"newPassed":false,"newBroken":false,"retriesCount":0,"retriesStatusChange":false,"parameters":[],"tags":[]}],"uid":"b501eb6fd08689a6a8d6047871f77fc7"},{"name":"14696@DESKTOP-E82BV1F.TestNG-tests-1(42)","children":[{"name":"nonGUITest","uid":"457d9458ef69bf74","parentUid":"0edaec74f72cfedfb092b45fd54c4c2c","status":"passed","time":{"start":1771420675819,"stop":1771420689681,"duration":13862},"flaky":false,"newFailed":false,"newPassed":false,"newBroken":false,"retriesCount":0,"retriesStatusChange":false,"parameters":[],"tags":[]},{"name":"loginSmokeTest","uid":"2a0c842216539666","parentUid":"0edaec74f72cfedfb092b45fd54c4c2c","status":"passed","time":{"start":1771420664674,"stop":1771420675741,"duration":11067},"flaky":false,"newFailed":false,"newPassed":false,"newBroken":false,"retriesCount":0,"retriesStatusChange":false,"parameters":[],"tags":[]}],"uid":"0edaec74f72cfedfb092b45fd54c4c2c"},{"name":"20324@DESKTOP-E82BV1F.main(1)","children":[{"name":"testMethod","uid":"e43785d5de94e464","parentUid":"349f948e2b0e092ed6ab29fd98c6a75a","status":"passed","time":{"start":1771426780825,"stop":1771426780825,"duration":0},"flaky":false,"newFailed":false,"newPassed":false,"newBroken":false,"retriesCount":0,"retriesStatusChange":false,"parameters":["{TestID=TC002, Field2=BB2, Field3=CC2, Field1=AA2}"],"tags":[]},{"name":"testMethod","uid":"f30a48180a721578","parentUid":"349f948e2b0e092ed6ab29fd98c6a75a","status":"passed","time":{"start":1771426780752,"stop":1771426780757,"duration":5},"flaky":false,"newFailed":false,"newPassed":false,"newBroken":false,"retriesCount":0,"retriesStatusChange":false,"parameters":["{TestID=TC001, Field2=BB1, Field3=CC1, Field1=AA1}"],"tags":[]},{"name":"testMethod","uid":"b9de7412e97087f5","parentUid":"349f948e2b0e092ed6ab29fd98c6a75a","status":"passed","time":{"start":1771426780829,"stop":1771426780829,"duration":0},"flaky":false,"newFailed":false,"newPassed":false,"newBroken":false,"retriesCount":0,"retriesStatusChange":false,"parameters":["{TestID=TC003, Field2=BB3, Field3=CC3, Field1=AA3}"],"tags":[]}],"uid":"349f948e2b0e092ed6ab29fd98c6a75a"},{"name":"26744@DESKTOP-E82BV1F.TestNG-tests-2(43)","children":[{"name":"nonGUITest","uid":"47fccb738f8d7195","parentUid":"389750c7c8923899add572ba672a1cfb","status":"passed","time":{"start":1771420583788,"stop":1771420608600,"duration":24812},"flaky":false,"newFailed":false,"newPassed":false,"newBroken":false,"retriesCount":0,"retriesStatusChange":false,"parameters":[],"tags":[]},{"name":"loginSmokeTest","uid":"990e15eafbfc2116","parentUid":"389750c7c8923899add572ba672a1cfb","status":"broken","time":{"start":1771420494428,"stop":1771420583720,"duration":89292},"flaky":false,"newFailed":false,"newPassed":false,"newBroken":false,"retriesCount":0,"retriesStatusChange":false,"parameters":[],"tags":[]}],"uid":"389750c7c8923899add572ba672a1cfb"},{"name":"18264@DESKTOP-E82BV1F.TestNG-test-Non-GUI Data Tests-2(48)","children":[{"name":"testRegister","uid":"ca2aab2b02b3bddd","parentUid":"86cd1f59f9da77b5fb516573deab316a","status":"passed","time":{"start":1771428037426,"stop":1771428037426,"duration":0},"flaky":false,"newFailed":false,"newPassed":false,"newBroken":false,"retriesCount":0,"retriesStatusChange":false,"parameters":["pojo_data.User@74369067"],"tags":[]},{"name":"testRegister","uid":"82a9880c0d5d638","parentUid":"86cd1f59f9da77b5fb516573deab316a","status":"passed","time":{"start":1771428037422,"stop":1771428037423,"duration":1},"flaky":false,"newFailed":false,"newPassed":false,"newBroken":false,"retriesCount":0,"retriesStatusChange":false,"parameters":["pojo_data.User@3254b3e6"],"tags":[]}],"uid":"86cd1f59f9da77b5fb516573deab316a"},{"name":"28280@DESKTOP-E82BV1F.TestNG-test-Non-GUI Data Tests-1(47)","children":[{"name":"loginTest","uid":"c15fc4d85e5c8a69","parentUid":"0a1a60b1422b5e42e36f628a03717e83","status":"passed","time":{"start":1771428483968,"stop":1771428483969,"duration":1},"flaky":false,"newFailed":false,"newPassed":false,"newBroken":false,"retriesCount":0,"retriesStatusChange":false,"parameters":["pojo_data.TestDataObjects@2ab9debf"],"tags":[]},{"name":"loginTest","uid":"11a852ff9a916349","parentUid":"0a1a60b1422b5e42e36f628a03717e83","status":"passed","time":{"start":1771428483848,"stop":1771428483852,"duration":4},"flaky":false,"newFailed":false,"newPassed":false,"newBroken":false,"retriesCount":0,"retriesStatusChange":false,"parameters":["pojo_data.TestDataObjects@26821f30"],"tags":[]},{"name":"loginTest","uid":"9b899d79f11a84e1","parentUid":"0a1a60b1422b5e42e36f628a03717e83","status":"passed","time":{"start":1771428483974,"stop":1771428483975,"duration":1},"flaky":false,"newFailed":false,"newPassed":false,"newBroken":false,"retriesCount":0,"retriesStatusChange":false,"parameters":["pojo_data.TestDataObjects@103b494"],"tags":[]},{"name":"loginTest","uid":"b6225d6205a86e84","parentUid":"0a1a60b1422b5e42e36f628a03717e83","status":"passed","time":{"start":1771428483965,"stop":1771428483965,"duration":0},"flaky":false,"newFailed":false,"newPassed":false,"newBroken":false,"retriesCount":0,"retriesStatusChange":false,"parameters":["pojo_data.TestDataObjects@3cc5b17b"],"tags":[]},{"name":"loginTest","uid":"ee901db8eb91f5bb","parentUid":"0a1a60b1422b5e42e36f628a03717e83","status":"passed","time":{"start":1771428483971,"stop":1771428483972,"duration":1},"flaky":false,"newFailed":false,"newPassed":false,"newBroken":false,"retriesCount":0,"retriesStatusChange":false,"parameters":["pojo_data.TestDataObjects@521f9a5b"],"tags":[]},{"name":"testCRUDJson","uid":"e220c7da4a112584","parentUid":"0a1a60b1422b5e42e36f628a03717e83","status":"passed","time":{"start":1771428483979,"stop":1771428484039,"duration":60},"flaky":false,"newFailed":false,"newPassed":false,"newBroken":false,"retriesCount":0,"retriesStatusChange":false,"parameters":[],"tags":[]}],"uid":"0a1a60b1422b5e42e36f628a03717e83"},{"name":"28280@DESKTOP-E82BV1F.TestNG-test-Non-GUI Data Tests-2(48)","children":[{"name":"testRegister","uid":"ef15de40d117b9de","parentUid":"b591639c74d74b83395e017fd28a7f46","status":"passed","time":{"start":1771428484062,"stop":1771428484062,"duration":0},"flaky":false,"newFailed":false,"newPassed":false,"newBroken":false,"retriesCount":0,"retriesStatusChange":false,"parameters":["pojo_data.User@400d5223"],"tags":[]},{"name":"testRegister","uid":"fb9e012d04d6c0e1","parentUid":"b591639c74d74b83395e017fd28a7f46","status":"passed","time":{"start":1771428484064,"stop":1771428484065,"duration":1},"flaky":false,"newFailed":false,"newPassed":false,"newBroken":false,"retriesCount":0,"retriesStatusChange":false,"parameters":["pojo_data.User@9222f52"],"tags":[]}],"uid":"b591639c74d74b83395e017fd28a7f46"},{"name":"1012@DESKTOP-E82BV1F.main(1)","children":[{"name":"testMethod","uid":"3a79ae142d72e644","parentUid":"51d2623fa11a875787fcfc4255fbdc5a","status":"passed","time":{"start":1771426270162,"stop":1771426270162,"duration":0},"flaky":false,"newFailed":false,"newPassed":false,"newBroken":false,"retriesCount":0,"retriesStatusChange":false,"parameters":["{TestID=TC003, Field2=BB3, Field3=CC3, Field1=AA3}"],"tags":[]},{"name":"testMethod","uid":"ab3c022141234bd0","parentUid":"51d2623fa11a875787fcfc4255fbdc5a","status":"passed","time":{"start":1771426270095,"stop":1771426270100,"duration":5},"flaky":false,"newFailed":false,"newPassed":false,"newBroken":false,"retriesCount":0,"retriesStatusChange":false,"parameters":["{TestID=TC001, Field2=BB1, Field3=CC1, Field1=AA1}"],"tags":[]},{"name":"testMethod","uid":"388bb543d90d37f6","parentUid":"51d2623fa11a875787fcfc4255fbdc5a","status":"passed","time":{"start":1771426270158,"stop":1771426270159,"duration":1},"flaky":false,"newFailed":false,"newPassed":false,"newBroken":false,"retriesCount":0,"retriesStatusChange":false,"parameters":["{TestID=TC002, Field2=BB2, Field3=CC2, Field1=AA2}"],"tags":[]}],"uid":"51d2623fa11a875787fcfc4255fbdc5a"},{"name":"6500@DESKTOP-E82BV1F.main(1)","children":[{"name":"testMethod","uid":"2a9e173ce6b7d8af","parentUid":"8288e5276398912a57909a98614fbf43","status":"broken","time":{"start":1771426910922,"stop":1771426910924,"duration":2},"flaky":false,"newFailed":false,"newPassed":false,"newBroken":false,"retriesCount":0,"retriesStatusChange":false,"parameters":[],"tags":[]}],"uid":"8288e5276398912a57909a98614fbf43"},{"name":"20988@DESKTOP-E82BV1F.TestNG-test-Non-GUI Data Tests-3(49)","children":[{"name":"testMethod","uid":"f444e5d8eda025c7","parentUid":"70259ffd76b77882a4dbf4e0f2d7d2f2","status":"passed","time":{"start":1771428775142,"stop":1771428775143,"duration":1},"flaky":false,"newFailed":false,"newPassed":false,"newBroken":false,"retriesCount":0,"retriesStatusChange":false,"parameters":["{TestID=TC001, Field2=BB1, Field3=CC1, Field1=AA1}"],"tags":[]},{"name":"testMethod","uid":"84ab0fc47eac4a47","parentUid":"70259ffd76b77882a4dbf4e0f2d7d2f2","status":"passed","time":{"start":1771428775149,"stop":1771428775150,"duration":1},"flaky":false,"newFailed":false,"newPassed":false,"newBroken":false,"retriesCount":0,"retriesStatusChange":false,"parameters":["{TestID=TC003, Field2=BB3, Field3=CC3, Field1=AA3}"],"tags":[]},{"name":"testMethod","uid":"33b775ba7d6c577","parentUid":"70259ffd76b77882a4dbf4e0f2d7d2f2","status":"passed","time":{"start":1771428775147,"stop":1771428775147,"duration":0},"flaky":false,"newFailed":false,"newPassed":false,"newBroken":false,"retriesCount":0,"retriesStatusChange":false,"parameters":["{TestID=TC002, Field2=BB2, Field3=CC2, Field1=AA2}"],"tags":[]}],"uid":"70259ffd76b77882a4dbf4e0f2d7d2f2"},{"name":"26744@DESKTOP-E82BV1F.TestNG-tests-1(42)","children":[{"name":"loginSmokeTest","uid":"b6b64cdb4aecaa45","parentUid":"b2a422194d5c35b67b24b7df4e109928","status":"broken","time":{"start":1771420494428,"stop":1771420595692,"duration":101264},"flaky":false,"newFailed":false,"newPassed":false,"newBroken":false,"retriesCount":0,"retriesStatusChange":false,"parameters":[],"tags":[]},{"name":"nonGUITest","uid":"d0ec6983bb0b9f09","parentUid":"b2a422194d5c35b67b24b7df4e109928","status":"passed","time":{"start":1771420595699,"stop":1771420611262,"duration":15563},"flaky":false,"newFailed":false,"newPassed":false,"newBroken":false,"retriesCount":0,"retriesStatusChange":false,"parameters":[],"tags":[]}],"uid":"b2a422194d5c35b67b24b7df4e109928"},{"name":"15908@DESKTOP-E82BV1F.main(1)","children":[{"name":"testMethod","uid":"e0d3637b6836b318","parentUid":"684a935b1b8c53119ec2409e1c060aef","status":"passed","time":{"start":1771426654203,"stop":1771426654203,"duration":0},"flaky":false,"newFailed":false,"newPassed":false,"newBroken":false,"retriesCount":0,"retriesStatusChange":false,"parameters":["{TestID=TC002, Field2=BB2, Field3=CC2, Field1=AA2}"],"tags":[]},{"name":"testMethod","uid":"47a12954f828a44c","parentUid":"684a935b1b8c53119ec2409e1c060aef","status":"passed","time":{"start":1771426654206,"stop":1771426654206,"duration":0},"flaky":false,"newFailed":false,"newPassed":false,"newBroken":false,"retriesCount":0,"retriesStatusChange":false,"parameters":["{TestID=TC003, Field2=BB3, Field3=CC3, Field1=AA3}"],"tags":[]},{"name":"testMethod","uid":"b53913659f359532","parentUid":"684a935b1b8c53119ec2409e1c060aef","status":"passed","time":{"start":1771426654126,"stop":1771426654131,"duration":5},"flaky":false,"newFailed":false,"newPassed":false,"newBroken":false,"retriesCount":0,"retriesStatusChange":false,"parameters":["{TestID=TC001, Field2=BB1, Field3=CC1, Field1=AA1}"],"tags":[]}],"uid":"684a935b1b8c53119ec2409e1c060aef"},{"name":"2632@DESKTOP-E82BV1F.main(1)","children":[{"name":"testMethod","uid":"91475f67430f51e3","parentUid":"31241cad58ce4cd037ec371fcfe803e0","status":"passed","time":{"start":1771425663062,"stop":1771425663062,"duration":0},"flaky":false,"newFailed":false,"newPassed":false,"newBroken":false,"retriesCount":0,"retriesStatusChange":false,"parameters":["{TestID=TC002, Field2=BB2, Field3=CC2, Field1=AA2}"],"tags":[]},{"name":"testMethod","uid":"45b2d7894c6c885b","parentUid":"31241cad58ce4cd037ec371fcfe803e0","status":"passed","time":{"start":1771425662997,"stop":1771425663001,"duration":4},"flaky":false,"newFailed":false,"newPassed":false,"newBroken":false,"retriesCount":0,"retriesStatusChange":false,"parameters":["{TestID=TC001, Field2=BB1, Field3=CC1, Field1=AA1}"],"tags":[]},{"name":"testMethod","uid":"140130edda1026c9","parentUid":"31241cad58ce4cd037ec371fcfe803e0","status":"passed","time":{"start":1771425663065,"stop":1771425663066,"duration":1},"flaky":false,"newFailed":false,"newPassed":false,"newBroken":false,"retriesCount":0,"retriesStatusChange":false,"parameters":["{TestID=TC003, Field2=BB3, Field3=CC3, Field1=AA3}"],"tags":[]}],"uid":"31241cad58ce4cd037ec371fcfe803e0"},{"name":"18264@DESKTOP-E82BV1F.TestNG-tests-2(45)","children":[{"name":"loginSmokeTest","uid":"e67e19f0ea62696f","parentUid":"e380a8fbb589c4fc6a10051d1f140984","status":"passed","time":{"start":1771428036508,"stop":1771428045338,"duration":8830},"flaky":false,"newFailed":false,"newPassed":false,"newBroken":false,"retriesCount":0,"retriesStatusChange":false,"parameters":[],"tags":[]},{"name":"nonGUITest","uid":"20b575fb3e1edeb9","parentUid":"e380a8fbb589c4fc6a10051d1f140984","status":"passed","time":{"start":1771428045343,"stop":1771428053825,"duration":8482},"flaky":false,"newFailed":false,"newPassed":false,"newBroken":false,"retriesCount":0,"retriesStatusChange":false,"parameters":[],"tags":[]}],"uid":"e380a8fbb589c4fc6a10051d1f140984"},{"name":"19172@DESKTOP-E82BV1F.main(1)","children":[{"name":"testMethod","uid":"a3152010677e9dc3","parentUid":"fe90f316be48c165d5a174e75864796c","status":"broken","time":{"start":1771427073089,"stop":1771427073090,"duration":1},"flaky":false,"newFailed":false,"newPassed":false,"newBroken":false,"retriesCount":3,"retriesStatusChange":false,"parameters":[],"tags":[]}],"uid":"fe90f316be48c165d5a174e75864796c"},{"name":"28280@DESKTOP-E82BV1F.TestNG-tests-1(44)","children":[{"name":"loginSmokeTest","uid":"1c7fa10cf210aa2a","parentUid":"610cab3346f1d1d2d50d780b12920f50","status":"passed","time":{"start":1771428483214,"stop":1771428490799,"duration":7585},"flaky":false,"newFailed":false,"newPassed":false,"newBroken":false,"retriesCount":0,"retriesStatusChange":false,"parameters":[],"tags":[]},{"name":"nonGUITest","uid":"1cbd6b20db4ab06c","parentUid":"610cab3346f1d1d2d50d780b12920f50","status":"passed","time":{"start":1771428490807,"stop":1771428497657,"duration":6850},"flaky":false,"newFailed":false,"newPassed":false,"newBroken":false,"retriesCount":0,"retriesStatusChange":false,"parameters":[],"tags":[]}],"uid":"610cab3346f1d1d2d50d780b12920f50"},{"name":"27956@DESKTOP-E82BV1F.main(1)","children":[{"name":"testMethod","uid":"e4c841e5f995f1c9","parentUid":"b587d0090af898aee823d3744070d5f7","status":"broken","time":{"start":1771426756246,"stop":1771426756248,"duration":2},"flaky":false,"newFailed":false,"newPassed":false,"newBroken":false,"retriesCount":0,"retriesStatusChange":false,"parameters":[],"tags":[]}],"uid":"b587d0090af898aee823d3744070d5f7"}],"uid":"da9cee808eb409733d0077db7388047a"},{"name":"runnervmjduv7","children":[{"name":"2734@runnervmjduv7.TestNG-test-Non-GUI Data Tests-3(40)","children":[{"name":"testMethod","uid":"78a81bc24c9d5ebf","parentUid":"efcc0d83fe1b04041be8247845a1a746","status":"passed","time":{"start":1771445351727,"stop":1771445351728,"duration":1},"flaky":false,"newFailed":false,"newPassed":false,"newBroken":false,"retriesCount":10,"retriesStatusChange":false,"parameters":["{TestID=TC001, Field2=BB1, Field3=CC1, Field1=AA1}"],"tags":[]},{"name":"testMethod","uid":"36b7078d342ec808","parentUid":"efcc0d83fe1b04041be8247845a1a746","status":"passed","time":{"start":1771445351735,"stop":1771445351735,"duration":0},"flaky":false,"newFailed":false,"newPassed":false,"newBroken":false,"retriesCount":10,"retriesStatusChange":false,"parameters":["{TestID=TC002, Field2=BB2, Field3=CC2, Field1=AA2}"],"tags":[]},{"name":"testMethod","uid":"2a862f160699b75","parentUid":"efcc0d83fe1b04041be8247845a1a746","status":"passed","time":{"start":1771445351775,"stop":1771445351776,"duration":1},"flaky":false,"newFailed":false,"newPassed":false,"newBroken":false,"retriesCount":10,"retriesStatusChange":false,"parameters":["{TestID=TC003, Field2=BB3, Field3=CC3, Field1=AA3}"],"tags":[]}],"uid":"efcc0d83fe1b04041be8247845a1a746"},{"name":"2734@runnervmjduv7.TestNG-test-Non-GUI Data Tests-1(38)","children":[{"name":"loginTest","uid":"a54c2209ad8d6e92","parentUid":"fabd6d28f035b2a380a10474aae43c6b","status":"passed","time":{"start":1771445351268,"stop":1771445351269,"duration":1},"flaky":false,"newFailed":false,"newPassed":false,"newBroken":false,"retriesCount":0,"retriesStatusChange":false,"parameters":["pojo_data.TestDataObjects@1fc22d5"],"tags":[]},{"name":"loginTest","uid":"f6884a8d5fa01fcb","parentUid":"fabd6d28f035b2a380a10474aae43c6b","status":"passed","time":{"start":1771445351274,"stop":1771445351274,"duration":0},"flaky":false,"newFailed":false,"newPassed":false,"newBroken":false,"retriesCount":0,"retriesStatusChange":false,"parameters":["pojo_data.TestDataObjects@557f8463"],"tags":[]},{"name":"loginTest","uid":"56026b8bc0e2445a","parentUid":"fabd6d28f035b2a380a10474aae43c6b","status":"passed","time":{"start":1771445351276,"stop":1771445351276,"duration":0},"flaky":false,"newFailed":false,"newPassed":false,"newBroken":false,"retriesCount":0,"retriesStatusChange":false,"parameters":["pojo_data.TestDataObjects@2eebe7d8"],"tags":[]},{"name":"testCRUDJson","uid":"7eae0148e28942fe","parentUid":"fabd6d28f035b2a380a10474aae43c6b","status":"passed","time":{"start":1771445351283,"stop":1771445351401,"duration":118},"flaky":false,"newFailed":false,"newPassed":false,"newBroken":false,"retriesCount":3,"retriesStatusChange":false,"parameters":[],"tags":[]},{"name":"loginTest","uid":"46e8759aeebb3400","parentUid":"fabd6d28f035b2a380a10474aae43c6b","status":"passed","time":{"start":1771445351037,"stop":1771445351046,"duration":9},"flaky":false,"newFailed":false,"newPassed":false,"newBroken":false,"retriesCount":0,"retriesStatusChange":false,"parameters":["pojo_data.TestDataObjects@4f9bb0c4"],"tags":[]},{"name":"loginTest","uid":"d687d8d857cabd98","parentUid":"fabd6d28f035b2a380a10474aae43c6b","status":"passed","time":{"start":1771445351256,"stop":1771445351257,"duration":1},"flaky":false,"newFailed":false,"newPassed":false,"newBroken":false,"retriesCount":0,"retriesStatusChange":false,"parameters":["pojo_data.TestDataObjects@5f9fbd3a"],"tags":[]}],"uid":"fabd6d28f035b2a380a10474aae43c6b"},{"name":"2734@runnervmjduv7.TestNG-tests-2(36)","children":[{"name":"EmployeePageTest","uid":"3286356e298554f9","parentUid":"12b61f96dac8306689aa490cd7d36a3f","status":"passed","time":{"start":1771445361236,"stop":1771445371450,"duration":10214},"flaky":false,"newFailed":false,"newPassed":false,"newBroken":false,"retriesCount":0,"retriesStatusChange":false,"parameters":[],"tags":[]},{"name":"loginSmokeTest","uid":"e7dfd4997488c609","parentUid":"12b61f96dac8306689aa490cd7d36a3f","status":"passed","time":{"start":1771445350001,"stop":1771445361231,"duration":11230},"flaky":false,"newFailed":false,"newPassed":false,"newBroken":false,"retriesCount":7,"retriesStatusChange":true,"parameters":[],"tags":[]},{"name":"AdminPageTest","uid":"19fd2202c188e392","parentUid":"12b61f96dac8306689aa490cd7d36a3f","status":"passed","time":{"start":1771445371453,"stop":1771445378416,"duration":6963},"flaky":false,"newFailed":false,"newPassed":false,"newBroken":false,"retriesCount":0,"retriesStatusChange":false,"parameters":[],"tags":[]}],"uid":"12b61f96dac8306689aa490cd7d36a3f"},{"name":"2734@runnervmjduv7.TestNG-test-Non-GUI Data Tests-2(39)","children":[{"name":"testRegister","uid":"1b74d56c78c0d838","parentUid":"37bf3cefbc801081e3e1d079392b58c2","status":"passed","time":{"start":1771445351920,"stop":1771445351922,"duration":2},"flaky":false,"newFailed":false,"newPassed":false,"newBroken":false,"retriesCount":0,"retriesStatusChange":false,"parameters":["pojo_data.User@11f57b04"],"tags":[]},{"name":"testRegister","uid":"7bf59c33f5c25f51","parentUid":"37bf3cefbc801081e3e1d079392b58c2","status":"passed","time":{"start":1771445351928,"stop":1771445351928,"duration":0},"flaky":false,"newFailed":false,"newPassed":false,"newBroken":false,"retriesCount":0,"retriesStatusChange":false,"parameters":["pojo_data.User@228618eb"],"tags":[]}],"uid":"37bf3cefbc801081e3e1d079392b58c2"},{"name":"2734@runnervmjduv7.TestNG-tests-1(35)","children":[{"name":"loginSmokeTest","uid":"e84c839d4ca2feb6","parentUid":"2d1518fd4c3b111c5df110b9668a6f8c","status":"passed","time":{"start":1771445350032,"stop":1771445359306,"duration":9274},"flaky":false,"newFailed":false,"newPassed":false,"newBroken":false,"retriesCount":7,"retriesStatusChange":true,"parameters":[],"tags":[]},{"name":"EmployeePageTest","uid":"b06829ca3dbcea28","parentUid":"2d1518fd4c3b111c5df110b9668a6f8c","status":"passed","time":{"start":1771445359318,"stop":1771445369642,"duration":10324},"flaky":false,"newFailed":false,"newPassed":false,"newBroken":false,"retriesCount":0,"retriesStatusChange":false,"parameters":[],"tags":[]}],"uid":"2d1518fd4c3b111c5df110b9668a6f8c"}],"uid":"62f24e2767a2ba5dc6f7813aac246f6e"}],"name":"timeline"}