[{"buildOrder":11,"reportUrl":"https://ActionsWork1.github.io/PlayDiInjectv3/11","reportName":"Allure Report with history","data":{"Test defects":1}},{"buildOrder":4,"reportUrl":"https://ActionsWork1.github.io/PlayDiInjectv3/4","reportName":"Allure Report with history","data":{"Test defects":1}},{"buildOrder":7,"reportUrl":"https://ActionsWork1.github.io/PlayDiInjectv3/7","reportName":"Allure Report with history","data":{"Test defects":1}},{"buildOrder":6,"reportUrl":"https://ActionsWork1.github.io/PlayDiInjectv3/6","reportName":"Allure Report with history","data":{"Test defects":1}},{"buildOrder":5,"reportUrl":"https://ActionsWork1.github.io/PlayDiInjectv3/5","reportName":"Allure Report with history","data":{"Test defects":1}},{"buildOrder":4,"reportUrl":"https://ActionsWork1.github.io/PlayDiInjectv3/4","reportName":"Allure Report with history","data":{"Test defects":1}}]