[{"uid":"9178425757eb71f8","name":"testRegister","time":{"start":1771428774901,"stop":1771428774903,"duration":2},"status":"passed","severity":"normal"},{"uid":"56026b8bc0e2445a","name":"loginTest","time":{"start":1771445351276,"stop":1771445351276,"duration":0},"status":"passed","severity":"normal"},{"uid":"ce22a78d44421f5f","name":"loginTest","time":{"start":1771428037267,"stop":1771428037267,"duration":0},"status":"passed","severity":"normal"},{"uid":"ca2aab2b02b3bddd","name":"testRegister","time":{"start":1771428037426,"stop":1771428037426,"duration":0},"status":"passed","severity":"normal"},{"uid":"78cc20f3a9657b84","name":"loginTest","time":{"start":1771428774873,"stop":1771428774874,"duration":1},"status":"passed","severity":"normal"},{"uid":"9684709d35c9b9cc","name":"nonGUITest","time":{"start":1771428784000,"stop":1771428791979,"duration":7979},"status":"passed","severity":"normal"},{"uid":"fb9e012d04d6c0e1","name":"testRegister","time":{"start":1771428484064,"stop":1771428484065,"duration":1},"status":"passed","severity":"normal"},{"uid":"d687d8d857cabd98","name":"loginTest","time":{"start":1771445351256,"stop":1771445351257,"duration":1},"status":"passed","severity":"normal"},{"uid":"a3152010677e9dc3","name":"testMethod","time":{"start":1771427073089,"stop":1771427073090,"duration":1},"status":"broken","severity":"normal"},{"uid":"c15fc4d85e5c8a69","name":"loginTest","time":{"start":1771428483968,"stop":1771428483969,"duration":1},"status":"passed","severity":"normal"},{"uid":"9b899d79f11a84e1","name":"loginTest","time":{"start":1771428483974,"stop":1771428483975,"duration":1},"status":"passed","severity":"normal"},{"uid":"78a81bc24c9d5ebf","name":"testMethod","time":{"start":1771445351727,"stop":1771445351728,"duration":1},"status":"passed","severity":"normal"},{"uid":"5f0405dbf712db72","name":"loginTest","time":{"start":1771428037132,"stop":1771428037137,"duration":5},"status":"passed","severity":"normal"},{"uid":"e84c839d4ca2feb6","name":"loginSmokeTest","time":{"start":1771445350032,"stop":1771445359306,"duration":9274},"status":"passed","severity":"critical"},{"uid":"2a77f4921aee5dd2","name":"loginTest","time":{"start":1771428774862,"stop":1771428774863,"duration":1},"status":"passed","severity":"normal"},{"uid":"ac2c450411261d3a","name":"testRegister","time":{"start":1771428774905,"stop":1771428774906,"duration":1},"status":"passed","severity":"normal"},{"uid":"1b74d56c78c0d838","name":"testRegister","time":{"start":1771445351920,"stop":1771445351922,"duration":2},"status":"passed","severity":"normal"},{"uid":"11a852ff9a916349","name":"loginTest","time":{"start":1771428483848,"stop":1771428483852,"duration":4},"status":"passed","severity":"normal"},{"uid":"46e8759aeebb3400","name":"loginTest","time":{"start":1771445351037,"stop":1771445351046,"duration":9},"status":"passed","severity":"normal"},{"uid":"d56b549735d47df7","name":"loginTest","time":{"start":1771428037270,"stop":1771428037271,"duration":1},"status":"passed","severity":"normal"},{"uid":"282d6e048935106e","name":"nonGUITest","time":{"start":1771428783686,"stop":1771428791951,"duration":8265},"status":"passed","severity":"normal"},{"uid":"eaba7cd74fdb46f9","name":"loginTest","time":{"start":1771428037256,"stop":1771428037256,"duration":0},"status":"passed","severity":"normal"},{"uid":"36b7078d342ec808","name":"testMethod","time":{"start":1771445351735,"stop":1771445351735,"duration":0},"status":"passed","severity":"normal"},{"uid":"be720c2d9f73a2de","name":"loginTest","time":{"start":1771428774871,"stop":1771428774871,"duration":0},"status":"passed","severity":"normal"},{"uid":"f6884a8d5fa01fcb","name":"loginTest","time":{"start":1771445351274,"stop":1771445351274,"duration":0},"status":"passed","severity":"normal"},{"uid":"ee80c0142a556dc8","name":"loginTest","time":{"start":1771428774738,"stop":1771428774742,"duration":4},"status":"passed","severity":"normal"},{"uid":"2a862f160699b75","name":"testMethod","time":{"start":1771445351775,"stop":1771445351776,"duration":1},"status":"passed","severity":"normal"},{"uid":"b06829ca3dbcea28","name":"EmployeePageTest","time":{"start":1771445359318,"stop":1771445369642,"duration":10324},"status":"passed","severity":"normal"},{"uid":"7bf59c33f5c25f51","name":"testRegister","time":{"start":1771445351928,"stop":1771445351928,"duration":0},"status":"passed","severity":"normal"},{"uid":"b6225d6205a86e84","name":"loginTest","time":{"start":1771428483965,"stop":1771428483965,"duration":0},"status":"passed","severity":"normal"},{"uid":"e7dfd4997488c609","name":"loginSmokeTest","time":{"start":1771445350001,"stop":1771445361231,"duration":11230},"status":"passed","severity":"normal"},{"uid":"ef15de40d117b9de","name":"testRegister","time":{"start":1771428484062,"stop":1771428484062,"duration":0},"status":"passed","severity":"normal"},{"uid":"7eae0148e28942fe","name":"testCRUDJson","time":{"start":1771445351283,"stop":1771445351401,"duration":118},"status":"passed","severity":"normal"},{"uid":"82a9880c0d5d638","name":"testRegister","time":{"start":1771428037422,"stop":1771428037423,"duration":1},"status":"passed","severity":"normal"},{"uid":"3286356e298554f9","name":"EmployeePageTest","time":{"start":1771445361236,"stop":1771445371450,"duration":10214},"status":"passed","severity":"normal"},{"uid":"fed9410884f0893","name":"loginTest","time":{"start":1771428774867,"stop":1771428774868,"duration":1},"status":"passed","severity":"normal"},{"uid":"fe3663802083404d","name":"loginTest","time":{"start":1771428037275,"stop":1771428037276,"duration":1},"status":"passed","severity":"normal"},{"uid":"ee901db8eb91f5bb","name":"loginTest","time":{"start":1771428483971,"stop":1771428483972,"duration":1},"status":"passed","severity":"normal"},{"uid":"19fd2202c188e392","name":"AdminPageTest","time":{"start":1771445371453,"stop":1771445378416,"duration":6963},"status":"passed","severity":"normal"},{"uid":"a54c2209ad8d6e92","name":"loginTest","time":{"start":1771445351268,"stop":1771445351269,"duration":1},"status":"passed","severity":"normal"}]