[{"buildOrder":7,"reportUrl":"https://ActionsWork1.github.io/PlayDiInjectv3/7","reportName":"Allure Report with history","data":{"duration":16241379}},{"buildOrder":6,"reportUrl":"https://ActionsWork1.github.io/PlayDiInjectv3/6","reportName":"Allure Report with history","data":{"duration":15466415}},{"buildOrder":5,"reportUrl":"https://ActionsWork1.github.io/PlayDiInjectv3/5","reportName":"Allure Report with history","data":{"duration":14835425}},{"buildOrder":4,"reportUrl":"https://ActionsWork1.github.io/PlayDiInjectv3/4","reportName":"Allure Report with history","data":{"duration":14188445}}]