[{"buildOrder":7,"reportUrl":"https://ActionsWork1.github.io/PlayDiInjectv3/7","reportName":"Allure Report with history","data":{"failed":0,"broken":1,"skipped":0,"passed":39,"unknown":0,"total":40}},{"buildOrder":6,"reportUrl":"https://ActionsWork1.github.io/PlayDiInjectv3/6","reportName":"Allure Report with history","data":{"failed":0,"broken":1,"skipped":0,"passed":39,"unknown":0,"total":40}},{"buildOrder":5,"reportUrl":"https://ActionsWork1.github.io/PlayDiInjectv3/5","reportName":"Allure Report with history","data":{"failed":0,"broken":1,"skipped":0,"passed":39,"unknown":0,"total":40}},{"buildOrder":4,"reportUrl":"https://ActionsWork1.github.io/PlayDiInjectv3/4","reportName":"Allure Report with history","data":{"failed":0,"broken":1,"skipped":0,"passed":39,"unknown":0,"total":40}}]