[{"uid":"bdd4f8b938bb3ab","name":"testRegister","time":{"start":1771428037422,"stop":1771428037423,"duration":1},"status":"passed","severity":"normal"},{"uid":"e057571bfb4bab76","name":"testRegister","time":{"start":1771428037426,"stop":1771428037426,"duration":0},"status":"passed","severity":"normal"},{"uid":"a35ee7a0986faf8e","name":"loginTest","time":{"start":1771443300115,"stop":1771443300120,"duration":5},"status":"passed","severity":"normal"},{"uid":"85e76cefb01e1ebe","name":"EmployeePageTest","time":{"start":1771443302309,"stop":1771443308733,"duration":6424},"status":"passed","severity":"normal"},{"uid":"32fffc452fbbbe05","name":"loginSmokeTest","time":{"start":1771443298441,"stop":1771443302381,"duration":3940},"status":"passed","severity":"critical"},{"uid":"f2c35632cdd7b191","name":"loginTest","time":{"start":1771443300136,"stop":1771443300136,"duration":0},"status":"passed","severity":"normal"},{"uid":"eca1681aee42f4d2","name":"testRegister","time":{"start":1771428774901,"stop":1771428774903,"duration":2},"status":"passed","severity":"normal"},{"uid":"ac6d49e9d8f67ff4","name":"loginTest","time":{"start":1771428037132,"stop":1771428037137,"duration":5},"status":"passed","severity":"normal"},{"uid":"9bcce1cf874c80a1","name":"loginTest","time":{"start":1771428037275,"stop":1771428037276,"duration":1},"status":"passed","severity":"normal"},{"uid":"5afd539b98370821","name":"loginTest","time":{"start":1771428483968,"stop":1771428483969,"duration":1},"status":"passed","severity":"normal"},{"uid":"eb67e4af33148851","name":"loginTest","time":{"start":1771428774738,"stop":1771428774742,"duration":4},"status":"passed","severity":"normal"},{"uid":"fc0ecf87bf08468f","name":"loginTest","time":{"start":1771428037270,"stop":1771428037271,"duration":1},"status":"passed","severity":"normal"},{"uid":"ba4ac45d8a685c99","name":"loginTest","time":{"start":1771443300142,"stop":1771443300143,"duration":1},"status":"passed","severity":"normal"},{"uid":"6cbbb63da8b1a979","name":"testRegister","time":{"start":1771443300830,"stop":1771443300831,"duration":1},"status":"passed","severity":"normal"},{"uid":"fff332d885e4fad3","name":"nonGUITest","time":{"start":1771428783686,"stop":1771428791951,"duration":8265},"status":"passed","severity":"normal"},{"uid":"f2438ddd12a8d8b7","name":"testRegister","time":{"start":1771428774905,"stop":1771428774906,"duration":1},"status":"passed","severity":"normal"},{"uid":"20024dd4a7f95044","name":"testMethod","time":{"start":1771443300808,"stop":1771443300808,"duration":0},"status":"passed","severity":"normal"},{"uid":"be9fae8754e96d8","name":"loginTest","time":{"start":1771443300130,"stop":1771443300130,"duration":0},"status":"passed","severity":"normal"},{"uid":"8edabab60bc86cbf","name":"loginTest","time":{"start":1771428774867,"stop":1771428774868,"duration":1},"status":"passed","severity":"normal"},{"uid":"ece18405b53ba46e","name":"loginTest","time":{"start":1771428037256,"stop":1771428037256,"duration":0},"status":"passed","severity":"normal"},{"uid":"617d02cb18fcd0aa","name":"loginTest","time":{"start":1771428483971,"stop":1771428483972,"duration":1},"status":"passed","severity":"normal"},{"uid":"7842e842480ecc97","name":"loginTest","time":{"start":1771443299861,"stop":1771443299887,"duration":26},"status":"passed","severity":"normal"},{"uid":"f23e8b829014f734","name":"nonGUITest","time":{"start":1771428784000,"stop":1771428791979,"duration":7979},"status":"passed","severity":"normal"},{"uid":"97652384d8380999","name":"loginTest","time":{"start":1771428037267,"stop":1771428037267,"duration":0},"status":"passed","severity":"normal"},{"uid":"dcb4e69ce9e802f7","name":"loginTest","time":{"start":1771428483974,"stop":1771428483975,"duration":1},"status":"passed","severity":"normal"},{"uid":"fafbed10f9737375","name":"testCRUDJson","time":{"start":1771443300150,"stop":1771443300295,"duration":145},"status":"passed","severity":"normal"},{"uid":"4faf387045469ebe","name":"testRegister","time":{"start":1771428484062,"stop":1771428484062,"duration":0},"status":"passed","severity":"normal"},{"uid":"9184700912db7c36","name":"testMethod","time":{"start":1771427073089,"stop":1771427073090,"duration":1},"status":"broken","severity":"normal"},{"uid":"d2c760e0de6ad96f","name":"testRegister","time":{"start":1771428484064,"stop":1771428484065,"duration":1},"status":"passed","severity":"normal"},{"uid":"f4536c3a38e175d3","name":"loginSmokeTest","time":{"start":1771443298441,"stop":1771443302297,"duration":3856},"status":"passed","severity":"normal"},{"uid":"5b3b9f03ddbff722","name":"AdminPageTest","time":{"start":1771443308736,"stop":1771443314468,"duration":5732},"status":"passed","severity":"normal"},{"uid":"460ebe4c8b7bfcf9","name":"testRegister","time":{"start":1771443300834,"stop":1771443300834,"duration":0},"status":"passed","severity":"normal"},{"uid":"78a7a062e77dbb9a","name":"EmployeePageTest","time":{"start":1771443302391,"stop":1771443308812,"duration":6421},"status":"passed","severity":"normal"},{"uid":"33751019f4986087","name":"loginTest","time":{"start":1771428483848,"stop":1771428483852,"duration":4},"status":"passed","severity":"normal"},{"uid":"5658bf092102ccc4","name":"loginTest","time":{"start":1771428774873,"stop":1771428774874,"duration":1},"status":"passed","severity":"normal"},{"uid":"f93c58b50cd5ff15","name":"testMethod","time":{"start":1771443300811,"stop":1771443300812,"duration":1},"status":"passed","severity":"normal"},{"uid":"d45f12cb821cbb77","name":"testMethod","time":{"start":1771443300814,"stop":1771443300818,"duration":4},"status":"passed","severity":"normal"},{"uid":"495b514fa663e511","name":"loginTest","time":{"start":1771428774871,"stop":1771428774871,"duration":0},"status":"passed","severity":"normal"},{"uid":"85d917f9b9a21c5e","name":"loginTest","time":{"start":1771428774862,"stop":1771428774863,"duration":1},"status":"passed","severity":"normal"},{"uid":"bbec82ea76aae1fa","name":"loginTest","time":{"start":1771428483965,"stop":1771428483965,"duration":0},"status":"passed","severity":"normal"}]