{"2340cdbc3ebfeb12a24229995b4f4f3":{"statistic":{"failed":0,"broken":0,"skipped":0,"passed":3,"unknown":0,"total":3},"items":[{"uid":"85352f9ef942098c","reportUrl":"https://ActionsWork1.github.io/PlayDiInjectv3/6/#testresult/85352f9ef942098c","status":"passed","time":{"start":1771428774873,"stop":1771428774874,"duration":1}},{"uid":"c1af69246ad7c316","reportUrl":"https://ActionsWork1.github.io/PlayDiInjectv3/5/#testresult/c1af69246ad7c316","status":"passed","time":{"start":1771428774873,"stop":1771428774874,"duration":1}},{"uid":"81f5f0159b284197","reportUrl":"https://ActionsWork1.github.io/PlayDiInjectv3/4/#testresult/81f5f0159b284197","status":"passed","time":{"start":1771428774873,"stop":1771428774874,"duration":1}}]},"1b424161ccaf3187a0aa22c82d2c724b":{"statistic":{"failed":0,"broken":0,"skipped":0,"passed":3,"unknown":0,"total":3},"items":[{"uid":"a05927fe65665d93","reportUrl":"https://ActionsWork1.github.io/PlayDiInjectv3/6/#testresult/a05927fe65665d93","status":"passed","time":{"start":1771442533686,"stop":1771442539504,"duration":5818}},{"uid":"b69fbc6775245905","reportUrl":"https://ActionsWork1.github.io/PlayDiInjectv3/5/#testresult/b69fbc6775245905","status":"passed","time":{"start":1771441902675,"stop":1771441908514,"duration":5839}},{"uid":"23562397de372225","reportUrl":"https://ActionsWork1.github.io/PlayDiInjectv3/4/#testresult/23562397de372225","status":"passed","time":{"start":1771441254863,"stop":1771441261534,"duration":6671}}]},"1ff15fdd30d4b86af8b5d6f504683fe9":{"statistic":{"failed":0,"broken":0,"skipped":0,"passed":3,"unknown":0,"total":3},"items":[{"uid":"9fda9145f829dc61","reportUrl":"https://ActionsWork1.github.io/PlayDiInjectv3/6/#testresult/9fda9145f829dc61","status":"passed","time":{"start":1771428037267,"stop":1771428037267,"duration":0}},{"uid":"ec164d6056c9f273","reportUrl":"https://ActionsWork1.github.io/PlayDiInjectv3/5/#testresult/ec164d6056c9f273","status":"passed","time":{"start":1771428037267,"stop":1771428037267,"duration":0}},{"uid":"4fc05de040b5e2c","reportUrl":"https://ActionsWork1.github.io/PlayDiInjectv3/4/#testresult/4fc05de040b5e2c","status":"passed","time":{"start":1771428037267,"stop":1771428037267,"duration":0}}]},"65acb313d38b49f2e175e7415ad827c7":{"statistic":{"failed":0,"broken":0,"skipped":0,"passed":3,"unknown":0,"total":3},"items":[{"uid":"3ae2e1ef679bc27d","reportUrl":"https://ActionsWork1.github.io/PlayDiInjectv3/6/#testresult/3ae2e1ef679bc27d","status":"passed","time":{"start":1771428784000,"stop":1771428791979,"duration":7979}},{"uid":"ae64f5abeb381dd6","reportUrl":"https://ActionsWork1.github.io/PlayDiInjectv3/5/#testresult/ae64f5abeb381dd6","status":"passed","time":{"start":1771428784000,"stop":1771428791979,"duration":7979}},{"uid":"585917d528ae8679","reportUrl":"https://ActionsWork1.github.io/PlayDiInjectv3/4/#testresult/585917d528ae8679","status":"passed","time":{"start":1771428784000,"stop":1771428791979,"duration":7979}}]},"40fbb137ca49c896e97132fbba734982":{"statistic":{"failed":0,"broken":0,"skipped":0,"passed":3,"unknown":0,"total":3},"items":[{"uid":"25ed41018e1c26a8","reportUrl":"https://ActionsWork1.github.io/PlayDiInjectv3/6/#testresult/25ed41018e1c26a8","status":"passed","time":{"start":1771442527241,"stop":1771442533586,"duration":6345}},{"uid":"f8a800a77cf89635","reportUrl":"https://ActionsWork1.github.io/PlayDiInjectv3/5/#testresult/f8a800a77cf89635","status":"passed","time":{"start":1771441896347,"stop":1771441902707,"duration":6360}},{"uid":"b5a6c85089c1094a","reportUrl":"https://ActionsWork1.github.io/PlayDiInjectv3/4/#testresult/b5a6c85089c1094a","status":"passed","time":{"start":1771441247546,"stop":1771441254548,"duration":7002}}]},"28105b7b9b62e8308b8b2fb0f4cd479f":{"statistic":{"failed":0,"broken":0,"skipped":0,"passed":1,"unknown":0,"total":1},"items":[{"uid":"b28d3cbba59d702b","reportUrl":"https://ActionsWork1.github.io/PlayDiInjectv3/5/#testresult/b28d3cbba59d702b","status":"passed","time":{"start":1771441893415,"stop":1771441893426,"duration":11}}]},"1401feb8cb0f992c6ae48291911ed06":{"statistic":{"failed":0,"broken":0,"skipped":0,"passed":3,"unknown":0,"total":3},"items":[{"uid":"3049ffac59dfc58f","reportUrl":"https://ActionsWork1.github.io/PlayDiInjectv3/6/#testresult/3049ffac59dfc58f","status":"passed","time":{"start":1771428037275,"stop":1771428037276,"duration":1}},{"uid":"4b15013f7b787f51","reportUrl":"https://ActionsWork1.github.io/PlayDiInjectv3/5/#testresult/4b15013f7b787f51","status":"passed","time":{"start":1771428037275,"stop":1771428037276,"duration":1}},{"uid":"2f12d217e9e282ba","reportUrl":"https://ActionsWork1.github.io/PlayDiInjectv3/4/#testresult/2f12d217e9e282ba","status":"passed","time":{"start":1771428037275,"stop":1771428037276,"duration":1}}]},"faa3fa25be27dde6ef6ba6580e3bcf8f":{"statistic":{"failed":0,"broken":0,"skipped":0,"passed":3,"unknown":0,"total":3},"items":[{"uid":"9730407e1c18efee","reportUrl":"https://ActionsWork1.github.io/PlayDiInjectv3/6/#testresult/9730407e1c18efee","status":"passed","time":{"start":1771442524076,"stop":1771442527230,"duration":3154}},{"uid":"9213934e6c7baff","reportUrl":"https://ActionsWork1.github.io/PlayDiInjectv3/5/#testresult/9213934e6c7baff","status":"passed","time":{"start":1771441892107,"stop":1771441896332,"duration":4225}},{"uid":"3eebcf57271eec45","reportUrl":"https://ActionsWork1.github.io/PlayDiInjectv3/4/#testresult/3eebcf57271eec45","status":"passed","time":{"start":1771441243020,"stop":1771441247531,"duration":4511}}]},"40dd2413f322cb7137cd078115e24e13":{"statistic":{"failed":0,"broken":0,"skipped":0,"passed":1,"unknown":0,"total":1},"items":[{"uid":"fe6e5f386887a56a","reportUrl":"https://ActionsWork1.github.io/PlayDiInjectv3/5/#testresult/fe6e5f386887a56a","status":"passed","time":{"start":1771441893744,"stop":1771441893748,"duration":4}}]},"db2faf2bb640a5bc32ce9a12bbb3a852":{"statistic":{"failed":0,"broken":0,"skipped":0,"passed":3,"unknown":0,"total":3},"items":[{"uid":"faa07dd1bd345658","reportUrl":"https://ActionsWork1.github.io/PlayDiInjectv3/6/#testresult/faa07dd1bd345658","status":"passed","time":{"start":1771428483968,"stop":1771428483969,"duration":1}},{"uid":"e234d0d7941d16c1","reportUrl":"https://ActionsWork1.github.io/PlayDiInjectv3/5/#testresult/e234d0d7941d16c1","status":"passed","time":{"start":1771428483968,"stop":1771428483969,"duration":1}},{"uid":"f88933862f16355a","reportUrl":"https://ActionsWork1.github.io/PlayDiInjectv3/4/#testresult/f88933862f16355a","status":"passed","time":{"start":1771428483968,"stop":1771428483969,"duration":1}}]},"b84572637170164e968270f71c086aa":{"statistic":{"failed":0,"broken":0,"skipped":0,"passed":1,"unknown":0,"total":1},"items":[{"uid":"4928e40a9e78b92e","reportUrl":"https://ActionsWork1.github.io/PlayDiInjectv3/6/#testresult/4928e40a9e78b92e","status":"passed","time":{"start":1771442526350,"stop":1771442526350,"duration":0}}]},"97804d45341d5e071eb38f0e68d2679b":{"statistic":{"failed":0,"broken":0,"skipped":0,"passed":1,"unknown":0,"total":1},"items":[{"uid":"eb63dbe05b81f1ba","reportUrl":"https://ActionsWork1.github.io/PlayDiInjectv3/5/#testresult/eb63dbe05b81f1ba","status":"passed","time":{"start":1771441893767,"stop":1771441893767,"duration":0}}]},"cd1ca7f3a3527cbd11024d62c61b1a9d":{"statistic":{"failed":0,"broken":0,"skipped":0,"passed":3,"unknown":0,"total":3},"items":[{"uid":"3daf36246623d5d5","reportUrl":"https://ActionsWork1.github.io/PlayDiInjectv3/6/#testresult/3daf36246623d5d5","status":"passed","time":{"start":1771428483848,"stop":1771428483852,"duration":4}},{"uid":"86a4f70719ae783b","reportUrl":"https://ActionsWork1.github.io/PlayDiInjectv3/5/#testresult/86a4f70719ae783b","status":"passed","time":{"start":1771428483848,"stop":1771428483852,"duration":4}},{"uid":"9733281d06b75483","reportUrl":"https://ActionsWork1.github.io/PlayDiInjectv3/4/#testresult/9733281d06b75483","status":"passed","time":{"start":1771428483848,"stop":1771428483852,"duration":4}}]},"e7cdedc2cdd2a435bd0f013aeb829eb8":{"statistic":{"failed":0,"broken":0,"skipped":0,"passed":3,"unknown":0,"total":3},"items":[{"uid":"b3d383bfdaaf4ca1","reportUrl":"https://ActionsWork1.github.io/PlayDiInjectv3/6/#testresult/b3d383bfdaaf4ca1","status":"passed","time":{"start":1771428037256,"stop":1771428037256,"duration":0}},{"uid":"ac5ce7af37981ccb","reportUrl":"https://ActionsWork1.github.io/PlayDiInjectv3/5/#testresult/ac5ce7af37981ccb","status":"passed","time":{"start":1771428037256,"stop":1771428037256,"duration":0}},{"uid":"13160eba6aeec390","reportUrl":"https://ActionsWork1.github.io/PlayDiInjectv3/4/#testresult/13160eba6aeec390","status":"passed","time":{"start":1771428037256,"stop":1771428037256,"duration":0}}]},"63baecc315e6f4e4861350054383b85":{"statistic":{"failed":0,"broken":0,"skipped":0,"passed":3,"unknown":0,"total":3},"items":[{"uid":"4cfe68842e8ea6a0","reportUrl":"https://ActionsWork1.github.io/PlayDiInjectv3/6/#testresult/4cfe68842e8ea6a0","status":"passed","time":{"start":1771428483971,"stop":1771428483972,"duration":1}},{"uid":"2ed72494ea9a7576","reportUrl":"https://ActionsWork1.github.io/PlayDiInjectv3/5/#testresult/2ed72494ea9a7576","status":"passed","time":{"start":1771428483971,"stop":1771428483972,"duration":1}},{"uid":"73f4ec472546c39e","reportUrl":"https://ActionsWork1.github.io/PlayDiInjectv3/4/#testresult/73f4ec472546c39e","status":"passed","time":{"start":1771428483971,"stop":1771428483972,"duration":1}}]},"7862b193c0f93abd2b493b6d39027d85":{"statistic":{"failed":0,"broken":0,"skipped":0,"passed":3,"unknown":0,"total":3},"items":[{"uid":"565d69f26f8fccf9","reportUrl":"https://ActionsWork1.github.io/PlayDiInjectv3/6/#testresult/565d69f26f8fccf9","status":"passed","time":{"start":1771428484064,"stop":1771428484065,"duration":1}},{"uid":"d0a505831ffd5797","reportUrl":"https://ActionsWork1.github.io/PlayDiInjectv3/5/#testresult/d0a505831ffd5797","status":"passed","time":{"start":1771428484064,"stop":1771428484065,"duration":1}},{"uid":"1490f0c428b2036","reportUrl":"https://ActionsWork1.github.io/PlayDiInjectv3/4/#testresult/1490f0c428b2036","status":"passed","time":{"start":1771428484064,"stop":1771428484065,"duration":1}}]},"2917e5c3c0affbe73e01f579d892ceb8":{"statistic":{"failed":0,"broken":0,"skipped":0,"passed":1,"unknown":0,"total":1},"items":[{"uid":"e9645242943c29d4","reportUrl":"https://ActionsWork1.github.io/PlayDiInjectv3/4/#testresult/e9645242943c29d4","status":"passed","time":{"start":1771441244504,"stop":1771441244505,"duration":1}}]},"3faf11097377b4a3f76e50e774d47439":{"statistic":{"failed":0,"broken":0,"skipped":0,"passed":3,"unknown":0,"total":3},"items":[{"uid":"c0a1b229de7b9c15","reportUrl":"https://ActionsWork1.github.io/PlayDiInjectv3/6/#testresult/c0a1b229de7b9c15","status":"passed","time":{"start":1771442524068,"stop":1771442527791,"duration":3723}},{"uid":"56cc9adbd6fd7f55","reportUrl":"https://ActionsWork1.github.io/PlayDiInjectv3/5/#testresult/56cc9adbd6fd7f55","status":"passed","time":{"start":1771441892104,"stop":1771441896334,"duration":4230}},{"uid":"59dd108ead105c27","reportUrl":"https://ActionsWork1.github.io/PlayDiInjectv3/4/#testresult/59dd108ead105c27","status":"passed","time":{"start":1771441242994,"stop":1771441247833,"duration":4839}}]},"db9ce058ff74816c4415d38344f2e86a":{"statistic":{"failed":0,"broken":0,"skipped":0,"passed":3,"unknown":0,"total":3},"items":[{"uid":"a72021fcf8674236","reportUrl":"https://ActionsWork1.github.io/PlayDiInjectv3/6/#testresult/a72021fcf8674236","status":"passed","time":{"start":1771428037426,"stop":1771428037426,"duration":0}},{"uid":"d310565e8c18742d","reportUrl":"https://ActionsWork1.github.io/PlayDiInjectv3/5/#testresult/d310565e8c18742d","status":"passed","time":{"start":1771428037426,"stop":1771428037426,"duration":0}},{"uid":"91fc9c9de7e26166","reportUrl":"https://ActionsWork1.github.io/PlayDiInjectv3/4/#testresult/91fc9c9de7e26166","status":"passed","time":{"start":1771428037426,"stop":1771428037426,"duration":0}}]},"1c8431194cccbbc355ca4b0ccb61a07a":{"statistic":{"failed":0,"broken":0,"skipped":0,"passed":3,"unknown":0,"total":3},"items":[{"uid":"febc6312e1305b7e","reportUrl":"https://ActionsWork1.github.io/PlayDiInjectv3/6/#testresult/febc6312e1305b7e","status":"passed","time":{"start":1771442526160,"stop":1771442526160,"duration":0}},{"uid":"1ea7423aaa30532a","reportUrl":"https://ActionsWork1.github.io/PlayDiInjectv3/5/#testresult/1ea7423aaa30532a","status":"passed","time":{"start":1771441894460,"stop":1771441894461,"duration":1}},{"uid":"887e69bcabd0a7c4","reportUrl":"https://ActionsWork1.github.io/PlayDiInjectv3/4/#testresult/887e69bcabd0a7c4","status":"passed","time":{"start":1771441245180,"stop":1771441245180,"duration":0}}]},"d67965f3de7e5f3e21b485910ae804b":{"statistic":{"failed":0,"broken":0,"skipped":0,"passed":1,"unknown":0,"total":1},"items":[{"uid":"7b831b4254b8db55","reportUrl":"https://ActionsWork1.github.io/PlayDiInjectv3/5/#testresult/7b831b4254b8db55","status":"passed","time":{"start":1771441894268,"stop":1771441894273,"duration":5}}]},"bd7a08689e08bf3313c875a5a3e6d53b":{"statistic":{"failed":0,"broken":0,"skipped":0,"passed":3,"unknown":0,"total":3},"items":[{"uid":"766c54097fee9b1d","reportUrl":"https://ActionsWork1.github.io/PlayDiInjectv3/6/#testresult/766c54097fee9b1d","status":"passed","time":{"start":1771442525481,"stop":1771442525571,"duration":90}},{"uid":"801977f672e663d7","reportUrl":"https://ActionsWork1.github.io/PlayDiInjectv3/5/#testresult/801977f672e663d7","status":"passed","time":{"start":1771441893777,"stop":1771441893888,"duration":111}},{"uid":"4a334b60e2876fbe","reportUrl":"https://ActionsWork1.github.io/PlayDiInjectv3/4/#testresult/4a334b60e2876fbe","status":"passed","time":{"start":1771441244530,"stop":1771441244677,"duration":147}}]},"eb5ca9e0931643aab15ac87ab36323b6":{"statistic":{"failed":0,"broken":0,"skipped":0,"passed":3,"unknown":0,"total":3},"items":[{"uid":"61bb5f9b7e3504e1","reportUrl":"https://ActionsWork1.github.io/PlayDiInjectv3/6/#testresult/61bb5f9b7e3504e1","status":"passed","time":{"start":1771428037270,"stop":1771428037271,"duration":1}},{"uid":"2e8ca904af1f4fd6","reportUrl":"https://ActionsWork1.github.io/PlayDiInjectv3/5/#testresult/2e8ca904af1f4fd6","status":"passed","time":{"start":1771428037270,"stop":1771428037271,"duration":1}},{"uid":"46fe33955460de99","reportUrl":"https://ActionsWork1.github.io/PlayDiInjectv3/4/#testresult/46fe33955460de99","status":"passed","time":{"start":1771428037270,"stop":1771428037271,"duration":1}}]},"703a9a2f85063632625e9920297b54bf":{"statistic":{"failed":0,"broken":0,"skipped":0,"passed":1,"unknown":0,"total":1},"items":[{"uid":"69072d36193524d6","reportUrl":"https://ActionsWork1.github.io/PlayDiInjectv3/4/#testresult/69072d36193524d6","status":"passed","time":{"start":1771441245162,"stop":1771441245165,"duration":3}}]},"2fc191e2715d3fc472d41a3ab8b2e6":{"statistic":{"failed":0,"broken":0,"skipped":0,"passed":3,"unknown":0,"total":3},"items":[{"uid":"40691edf9ba5a8ed","reportUrl":"https://ActionsWork1.github.io/PlayDiInjectv3/6/#testresult/40691edf9ba5a8ed","status":"passed","time":{"start":1771428483965,"stop":1771428483965,"duration":0}},{"uid":"d820303d376435ba","reportUrl":"https://ActionsWork1.github.io/PlayDiInjectv3/5/#testresult/d820303d376435ba","status":"passed","time":{"start":1771428483965,"stop":1771428483965,"duration":0}},{"uid":"c0cfebb01d32705f","reportUrl":"https://ActionsWork1.github.io/PlayDiInjectv3/4/#testresult/c0cfebb01d32705f","status":"passed","time":{"start":1771428483965,"stop":1771428483965,"duration":0}}]},"324a925553e684d0b7027d906c278b43":{"statistic":{"failed":0,"broken":0,"skipped":0,"passed":1,"unknown":0,"total":1},"items":[{"uid":"dd0d4195d06e64c5","reportUrl":"https://ActionsWork1.github.io/PlayDiInjectv3/6/#testresult/dd0d4195d06e64c5","status":"passed","time":{"start":1771442525152,"stop":1771442525178,"duration":26}}]},"2a26bf78ff283100ec2c6dff42922cb2":{"statistic":{"failed":0,"broken":0,"skipped":0,"passed":3,"unknown":0,"total":3},"items":[{"uid":"1685dbdfd90bf326","reportUrl":"https://ActionsWork1.github.io/PlayDiInjectv3/6/#testresult/1685dbdfd90bf326","status":"passed","time":{"start":1771428774871,"stop":1771428774871,"duration":0}},{"uid":"ab52b712a0bdf7f9","reportUrl":"https://ActionsWork1.github.io/PlayDiInjectv3/5/#testresult/ab52b712a0bdf7f9","status":"passed","time":{"start":1771428774871,"stop":1771428774871,"duration":0}},{"uid":"4a5390cc6a7a5938","reportUrl":"https://ActionsWork1.github.io/PlayDiInjectv3/4/#testresult/4a5390cc6a7a5938","status":"passed","time":{"start":1771428774871,"stop":1771428774871,"duration":0}}]},"d3bf76d3b0f22b2fbf952620c4d33a1f":{"statistic":{"failed":0,"broken":0,"skipped":0,"passed":1,"unknown":0,"total":1},"items":[{"uid":"c5d37d186ae4ab7d","reportUrl":"https://ActionsWork1.github.io/PlayDiInjectv3/5/#testresult/c5d37d186ae4ab7d","status":"passed","time":{"start":1771441894287,"stop":1771441894287,"duration":0}}]},"f408f4ce71b3a2944a6db56056f99f25":{"statistic":{"failed":0,"broken":0,"skipped":0,"passed":3,"unknown":0,"total":3},"items":[{"uid":"958b29ed21c8b07c","reportUrl":"https://ActionsWork1.github.io/PlayDiInjectv3/6/#testresult/958b29ed21c8b07c","status":"passed","time":{"start":1771428483974,"stop":1771428483975,"duration":1}},{"uid":"85323fab9fcc69df","reportUrl":"https://ActionsWork1.github.io/PlayDiInjectv3/5/#testresult/85323fab9fcc69df","status":"passed","time":{"start":1771428483974,"stop":1771428483975,"duration":1}},{"uid":"c980a3dc13e1fe25","reportUrl":"https://ActionsWork1.github.io/PlayDiInjectv3/4/#testresult/c980a3dc13e1fe25","status":"passed","time":{"start":1771428483974,"stop":1771428483975,"duration":1}}]},"34fed2e47e88fae695f88ad25c4787f8":{"statistic":{"failed":0,"broken":0,"skipped":0,"passed":3,"unknown":0,"total":3},"items":[{"uid":"28e37528c9706d38","reportUrl":"https://ActionsWork1.github.io/PlayDiInjectv3/6/#testresult/28e37528c9706d38","status":"passed","time":{"start":1771428774862,"stop":1771428774863,"duration":1}},{"uid":"93f66f24d36513ac","reportUrl":"https://ActionsWork1.github.io/PlayDiInjectv3/5/#testresult/93f66f24d36513ac","status":"passed","time":{"start":1771428774862,"stop":1771428774863,"duration":1}},{"uid":"e9371c7ffb0002e0","reportUrl":"https://ActionsWork1.github.io/PlayDiInjectv3/4/#testresult/e9371c7ffb0002e0","status":"passed","time":{"start":1771428774862,"stop":1771428774863,"duration":1}}]},"1cb637651cdc17001088eb68cc2c7ae2":{"statistic":{"failed":0,"broken":0,"skipped":0,"passed":1,"unknown":0,"total":1},"items":[{"uid":"7902c115889a062f","reportUrl":"https://ActionsWork1.github.io/PlayDiInjectv3/4/#testresult/7902c115889a062f","status":"passed","time":{"start":1771441244273,"stop":1771441244277,"duration":4}}]},"ddd01572ac003c660f96df9de63e313d":{"statistic":{"failed":0,"broken":0,"skipped":0,"passed":1,"unknown":0,"total":1},"items":[{"uid":"af2306512e5b65da","reportUrl":"https://ActionsWork1.github.io/PlayDiInjectv3/6/#testresult/af2306512e5b65da","status":"passed","time":{"start":1771442526347,"stop":1771442526348,"duration":1}}]},"2001de546e4fb5211ba55dbe634e2e77":{"statistic":{"failed":0,"broken":0,"skipped":0,"passed":3,"unknown":0,"total":3},"items":[{"uid":"7b96f512538d78e8","reportUrl":"https://ActionsWork1.github.io/PlayDiInjectv3/6/#testresult/7b96f512538d78e8","status":"passed","time":{"start":1771442527794,"stop":1771442533684,"duration":5890}},{"uid":"50245b3c13e5c44d","reportUrl":"https://ActionsWork1.github.io/PlayDiInjectv3/5/#testresult/50245b3c13e5c44d","status":"passed","time":{"start":1771441896347,"stop":1771441902672,"duration":6325}},{"uid":"767d2fdb9ee9da9a","reportUrl":"https://ActionsWork1.github.io/PlayDiInjectv3/4/#testresult/767d2fdb9ee9da9a","status":"passed","time":{"start":1771441247836,"stop":1771441254861,"duration":7025}}]},"fb3a7e704a943a0954d1cdb517097a35":{"statistic":{"failed":0,"broken":0,"skipped":0,"passed":3,"unknown":0,"total":3},"items":[{"uid":"7fdffb14d655b35","reportUrl":"https://ActionsWork1.github.io/PlayDiInjectv3/6/#testresult/7fdffb14d655b35","status":"passed","time":{"start":1771428037422,"stop":1771428037423,"duration":1}},{"uid":"dce89c31ffe346c2","reportUrl":"https://ActionsWork1.github.io/PlayDiInjectv3/5/#testresult/dce89c31ffe346c2","status":"passed","time":{"start":1771428037422,"stop":1771428037423,"duration":1}},{"uid":"d3c73f57c1a84539","reportUrl":"https://ActionsWork1.github.io/PlayDiInjectv3/4/#testresult/d3c73f57c1a84539","status":"passed","time":{"start":1771428037422,"stop":1771428037423,"duration":1}}]},"b8f337458330591b6b764349bebf47ee":{"statistic":{"failed":0,"broken":0,"skipped":0,"passed":3,"unknown":0,"total":3},"items":[{"uid":"e65410294a0afc85","reportUrl":"https://ActionsWork1.github.io/PlayDiInjectv3/6/#testresult/e65410294a0afc85","status":"passed","time":{"start":1771428484062,"stop":1771428484062,"duration":0}},{"uid":"f6ca633b16c1f713","reportUrl":"https://ActionsWork1.github.io/PlayDiInjectv3/5/#testresult/f6ca633b16c1f713","status":"passed","time":{"start":1771428484062,"stop":1771428484062,"duration":0}},{"uid":"14d3434e94eb4591","reportUrl":"https://ActionsWork1.github.io/PlayDiInjectv3/4/#testresult/14d3434e94eb4591","status":"passed","time":{"start":1771428484062,"stop":1771428484062,"duration":0}}]},"2438827432014e2b9d90e8a01d8f9f15":{"statistic":{"failed":0,"broken":0,"skipped":0,"passed":3,"unknown":0,"total":3},"items":[{"uid":"aec9678263d86914","reportUrl":"https://ActionsWork1.github.io/PlayDiInjectv3/6/#testresult/aec9678263d86914","status":"passed","time":{"start":1771428774901,"stop":1771428774903,"duration":2}},{"uid":"39efd9f1ecb03bc0","reportUrl":"https://ActionsWork1.github.io/PlayDiInjectv3/5/#testresult/39efd9f1ecb03bc0","status":"passed","time":{"start":1771428774901,"stop":1771428774903,"duration":2}},{"uid":"4b4ac8745805d886","reportUrl":"https://ActionsWork1.github.io/PlayDiInjectv3/4/#testresult/4b4ac8745805d886","status":"passed","time":{"start":1771428774901,"stop":1771428774903,"duration":2}}]},"4507e219127b34dbd9a6b1cf8eb76a29":{"statistic":{"failed":0,"broken":0,"skipped":0,"passed":1,"unknown":0,"total":1},"items":[{"uid":"520c57207a9f882e","reportUrl":"https://ActionsWork1.github.io/PlayDiInjectv3/5/#testresult/520c57207a9f882e","status":"passed","time":{"start":1771441893732,"stop":1771441893736,"duration":4}}]},"da3da4a5d196632be6b3809f86a0b83d":{"statistic":{"failed":0,"broken":0,"skipped":0,"passed":3,"unknown":0,"total":3},"items":[{"uid":"ad5b759d139c272f","reportUrl":"https://ActionsWork1.github.io/PlayDiInjectv3/6/#testresult/ad5b759d139c272f","status":"passed","time":{"start":1771428774905,"stop":1771428774906,"duration":1}},{"uid":"20fa36c738a8b13c","reportUrl":"https://ActionsWork1.github.io/PlayDiInjectv3/5/#testresult/20fa36c738a8b13c","status":"passed","time":{"start":1771428774905,"stop":1771428774906,"duration":1}},{"uid":"2315a01612416bd","reportUrl":"https://ActionsWork1.github.io/PlayDiInjectv3/4/#testresult/2315a01612416bd","status":"passed","time":{"start":1771428774905,"stop":1771428774906,"duration":1}}]},"20294b0e0a12707de8fed7b325a40606":{"statistic":{"failed":0,"broken":0,"skipped":0,"passed":1,"unknown":0,"total":1},"items":[{"uid":"466b2530148f6f78","reportUrl":"https://ActionsWork1.github.io/PlayDiInjectv3/6/#testresult/466b2530148f6f78","status":"passed","time":{"start":1771442525455,"stop":1771442525456,"duration":1}}]},"74a62fdd52768b3575629bc6b5d50076":{"statistic":{"failed":0,"broken":0,"skipped":0,"passed":1,"unknown":0,"total":1},"items":[{"uid":"2f9b8e3bf0b902de","reportUrl":"https://ActionsWork1.github.io/PlayDiInjectv3/5/#testresult/2f9b8e3bf0b902de","status":"passed","time":{"start":1771441893754,"stop":1771441893755,"duration":1}}]},"e1f22cdb543809f0d34ed1123732e7b9":{"statistic":{"failed":0,"broken":0,"skipped":0,"passed":3,"unknown":0,"total":3},"items":[{"uid":"1a33728c0914c4e0","reportUrl":"https://ActionsWork1.github.io/PlayDiInjectv3/6/#testresult/1a33728c0914c4e0","status":"passed","time":{"start":1771428037132,"stop":1771428037137,"duration":5}},{"uid":"525b50f1e1cf369d","reportUrl":"https://ActionsWork1.github.io/PlayDiInjectv3/5/#testresult/525b50f1e1cf369d","status":"passed","time":{"start":1771428037132,"stop":1771428037137,"duration":5}},{"uid":"6e6f1b65140ee7","reportUrl":"https://ActionsWork1.github.io/PlayDiInjectv3/4/#testresult/6e6f1b65140ee7","status":"passed","time":{"start":1771428037132,"stop":1771428037137,"duration":5}}]},"3663c1b4e44e577a5329ddc148114e17":{"statistic":{"failed":0,"broken":0,"skipped":0,"passed":3,"unknown":0,"total":3},"items":[{"uid":"6e7a8fd0cb87addb","reportUrl":"https://ActionsWork1.github.io/PlayDiInjectv3/6/#testresult/6e7a8fd0cb87addb","status":"passed","time":{"start":1771442526155,"stop":1771442526157,"duration":2}},{"uid":"69b317e25173393c","reportUrl":"https://ActionsWork1.github.io/PlayDiInjectv3/5/#testresult/69b317e25173393c","status":"passed","time":{"start":1771441894458,"stop":1771441894459,"duration":1}},{"uid":"35c3df65bff5c30d","reportUrl":"https://ActionsWork1.github.io/PlayDiInjectv3/4/#testresult/35c3df65bff5c30d","status":"passed","time":{"start":1771441245177,"stop":1771441245178,"duration":1}}]},"6a93db7d8d6f7d8bcbd9a1390aff3bfc":{"statistic":{"failed":0,"broken":0,"skipped":0,"passed":3,"unknown":0,"total":3},"items":[{"uid":"2158daf082ea7671","reportUrl":"https://ActionsWork1.github.io/PlayDiInjectv3/6/#testresult/2158daf082ea7671","status":"passed","time":{"start":1771428774867,"stop":1771428774868,"duration":1}},{"uid":"ee93848e57ac1fc7","reportUrl":"https://ActionsWork1.github.io/PlayDiInjectv3/5/#testresult/ee93848e57ac1fc7","status":"passed","time":{"start":1771428774867,"stop":1771428774868,"duration":1}},{"uid":"b0be820592e99781","reportUrl":"https://ActionsWork1.github.io/PlayDiInjectv3/4/#testresult/b0be820592e99781","status":"passed","time":{"start":1771428774867,"stop":1771428774868,"duration":1}}]},"fce1e08fbd844190f3f577f2fd1abdbc":{"statistic":{"failed":0,"broken":0,"skipped":0,"passed":3,"unknown":0,"total":3},"items":[{"uid":"c49cd86c453dd58","reportUrl":"https://ActionsWork1.github.io/PlayDiInjectv3/6/#testresult/c49cd86c453dd58","status":"passed","time":{"start":1771428774738,"stop":1771428774742,"duration":4}},{"uid":"6f74f3f44cb54a7b","reportUrl":"https://ActionsWork1.github.io/PlayDiInjectv3/5/#testresult/6f74f3f44cb54a7b","status":"passed","time":{"start":1771428774738,"stop":1771428774742,"duration":4}},{"uid":"8d421bd42088ad1e","reportUrl":"https://ActionsWork1.github.io/PlayDiInjectv3/4/#testresult/8d421bd42088ad1e","status":"passed","time":{"start":1771428774738,"stop":1771428774742,"duration":4}}]},"ddc3d89ba2def492fce3356093266db4":{"statistic":{"failed":0,"broken":0,"skipped":0,"passed":1,"unknown":0,"total":1},"items":[{"uid":"eb367ae5c4df3e17","reportUrl":"https://ActionsWork1.github.io/PlayDiInjectv3/6/#testresult/eb367ae5c4df3e17","status":"passed","time":{"start":1771442525397,"stop":1771442525403,"duration":6}}]},"895e5b1136c86d30a598d39d69092a9":{"statistic":{"failed":0,"broken":0,"skipped":0,"passed":1,"unknown":0,"total":1},"items":[{"uid":"36a049c9f7264dd5","reportUrl":"https://ActionsWork1.github.io/PlayDiInjectv3/4/#testresult/36a049c9f7264dd5","status":"passed","time":{"start":1771441244512,"stop":1771441244512,"duration":0}}]},"9865c878fe4e24f804607c4797a934a4":{"statistic":{"failed":0,"broken":0,"skipped":0,"passed":1,"unknown":0,"total":1},"items":[{"uid":"12313b52b201dd76","reportUrl":"https://ActionsWork1.github.io/PlayDiInjectv3/4/#testresult/12313b52b201dd76","status":"passed","time":{"start":1771441245158,"stop":1771441245160,"duration":2}}]},"6667b7d812a49b1740c8007e5d64abce":{"statistic":{"failed":0,"broken":0,"skipped":0,"passed":1,"unknown":0,"total":1},"items":[{"uid":"5d96c78fca71fca3","reportUrl":"https://ActionsWork1.github.io/PlayDiInjectv3/4/#testresult/5d96c78fca71fca3","status":"passed","time":{"start":1771441244491,"stop":1771441244491,"duration":0}}]},"517e628df56b7e84e01239326e7ecf4c":{"statistic":{"failed":0,"broken":3,"skipped":0,"passed":0,"unknown":0,"total":3},"items":[{"uid":"8b371ab091b26f0e","reportUrl":"https://ActionsWork1.github.io/PlayDiInjectv3/6/#testresult/8b371ab091b26f0e","status":"broken","statusDetails":"java.io.FileNotFoundException: null\\data1.xlsx (The system cannot find the path specified)","time":{"start":1771427073089,"stop":1771427073090,"duration":1}},{"uid":"9f1c1c622059f39f","reportUrl":"https://ActionsWork1.github.io/PlayDiInjectv3/5/#testresult/9f1c1c622059f39f","status":"broken","statusDetails":"java.io.FileNotFoundException: null\\data1.xlsx (The system cannot find the path specified)","time":{"start":1771427073089,"stop":1771427073090,"duration":1}},{"uid":"d9199861de6f8678","reportUrl":"https://ActionsWork1.github.io/PlayDiInjectv3/4/#testresult/d9199861de6f8678","status":"broken","statusDetails":"java.io.FileNotFoundException: null\\data1.xlsx (The system cannot find the path specified)","time":{"start":1771427073089,"stop":1771427073090,"duration":1}}]},"c1821dd0ec6654ea11bd242cd7c864a9":{"statistic":{"failed":0,"broken":0,"skipped":0,"passed":1,"unknown":0,"total":1},"items":[{"uid":"b25082d700469b0e","reportUrl":"https://ActionsWork1.github.io/PlayDiInjectv3/6/#testresult/b25082d700469b0e","status":"passed","time":{"start":1771442525466,"stop":1771442525471,"duration":5}}]},"46e01d039bac5be110568b69ab190bae":{"statistic":{"failed":0,"broken":0,"skipped":0,"passed":1,"unknown":0,"total":1},"items":[{"uid":"94a24cb0a2f0cc19","reportUrl":"https://ActionsWork1.github.io/PlayDiInjectv3/6/#testresult/94a24cb0a2f0cc19","status":"passed","time":{"start":1771442525464,"stop":1771442525465,"duration":1}}]},"7588dbaafb333696b93f646af422bbdf":{"statistic":{"failed":0,"broken":0,"skipped":0,"passed":1,"unknown":0,"total":1},"items":[{"uid":"5663f3c0168e0b1b","reportUrl":"https://ActionsWork1.github.io/PlayDiInjectv3/4/#testresult/5663f3c0168e0b1b","status":"passed","time":{"start":1771441244518,"stop":1771441244519,"duration":1}}]},"952324ee8d387b91147590a861a8504e":{"statistic":{"failed":0,"broken":0,"skipped":0,"passed":3,"unknown":0,"total":3},"items":[{"uid":"c0d56031311d0a20","reportUrl":"https://ActionsWork1.github.io/PlayDiInjectv3/6/#testresult/c0d56031311d0a20","status":"passed","time":{"start":1771428783686,"stop":1771428791951,"duration":8265}},{"uid":"fb32b28176e7f4eb","reportUrl":"https://ActionsWork1.github.io/PlayDiInjectv3/5/#testresult/fb32b28176e7f4eb","status":"passed","time":{"start":1771428783686,"stop":1771428791951,"duration":8265}},{"uid":"40782d9c52724341","reportUrl":"https://ActionsWork1.github.io/PlayDiInjectv3/4/#testresult/40782d9c52724341","status":"passed","time":{"start":1771428783686,"stop":1771428791951,"duration":8265}}]},"e6966b16764c311efb2529b55f7e0f57":{"statistic":{"failed":0,"broken":0,"skipped":0,"passed":3,"unknown":0,"total":3},"items":[{"uid":"d0b88c44259e92ef","reportUrl":"https://ActionsWork1.github.io/PlayDiInjectv3/6/#testresult/d0b88c44259e92ef","status":"passed","time":{"start":1771442526165,"stop":1771442526165,"duration":0}},{"uid":"64b68cad742f39de","reportUrl":"https://ActionsWork1.github.io/PlayDiInjectv3/5/#testresult/64b68cad742f39de","status":"passed","time":{"start":1771441894462,"stop":1771441894463,"duration":1}},{"uid":"e32bbeeecce9cf62","reportUrl":"https://ActionsWork1.github.io/PlayDiInjectv3/4/#testresult/e32bbeeecce9cf62","status":"passed","time":{"start":1771441245183,"stop":1771441245183,"duration":0}}]}}