{"2340cdbc3ebfeb12a24229995b4f4f3":{"statistic":{"failed":0,"broken":0,"skipped":0,"passed":6,"unknown":0,"total":6},"items":[{"uid":"78cc20f3a9657b84","reportUrl":"https://ActionsWork1.github.io/PlayDiInjectv3/11/#testresult/78cc20f3a9657b84","status":"passed","time":{"start":1771428774873,"stop":1771428774874,"duration":1}},{"uid":"31f62090e5a675cf","reportUrl":"https://ActionsWork1.github.io/PlayDiInjectv3/4/#testresult/31f62090e5a675cf","status":"passed","time":{"start":1771428774873,"stop":1771428774874,"duration":1}},{"uid":"5658bf092102ccc4","reportUrl":"https://ActionsWork1.github.io/PlayDiInjectv3/7/#testresult/5658bf092102ccc4","status":"passed","time":{"start":1771428774873,"stop":1771428774874,"duration":1}},{"uid":"85352f9ef942098c","reportUrl":"https://ActionsWork1.github.io/PlayDiInjectv3/6/#testresult/85352f9ef942098c","status":"passed","time":{"start":1771428774873,"stop":1771428774874,"duration":1}},{"uid":"c1af69246ad7c316","reportUrl":"https://ActionsWork1.github.io/PlayDiInjectv3/5/#testresult/c1af69246ad7c316","status":"passed","time":{"start":1771428774873,"stop":1771428774874,"duration":1}},{"uid":"81f5f0159b284197","reportUrl":"https://ActionsWork1.github.io/PlayDiInjectv3/4/#testresult/81f5f0159b284197","status":"passed","time":{"start":1771428774873,"stop":1771428774874,"duration":1}}]},"1b424161ccaf3187a0aa22c82d2c724b":{"statistic":{"failed":0,"broken":0,"skipped":0,"passed":5,"unknown":0,"total":5},"items":[{"uid":"19fd2202c188e392","reportUrl":"https://ActionsWork1.github.io/PlayDiInjectv3/11/#testresult/19fd2202c188e392","status":"passed","time":{"start":1771445371453,"stop":1771445378416,"duration":6963}},{"uid":"5b3b9f03ddbff722","reportUrl":"https://ActionsWork1.github.io/PlayDiInjectv3/7/#testresult/5b3b9f03ddbff722","status":"passed","time":{"start":1771443308736,"stop":1771443314468,"duration":5732}},{"uid":"a05927fe65665d93","reportUrl":"https://ActionsWork1.github.io/PlayDiInjectv3/6/#testresult/a05927fe65665d93","status":"passed","time":{"start":1771442533686,"stop":1771442539504,"duration":5818}},{"uid":"b69fbc6775245905","reportUrl":"https://ActionsWork1.github.io/PlayDiInjectv3/5/#testresult/b69fbc6775245905","status":"passed","time":{"start":1771441902675,"stop":1771441908514,"duration":5839}},{"uid":"23562397de372225","reportUrl":"https://ActionsWork1.github.io/PlayDiInjectv3/4/#testresult/23562397de372225","status":"passed","time":{"start":1771441254863,"stop":1771441261534,"duration":6671}}]},"2d3ab8ce7220aee83ac50921033d19fd":{"statistic":{"failed":0,"broken":0,"skipped":0,"passed":1,"unknown":0,"total":1},"items":[{"uid":"a54c2209ad8d6e92","reportUrl":"https://ActionsWork1.github.io/PlayDiInjectv3/11/#testresult/a54c2209ad8d6e92","status":"passed","time":{"start":1771445351268,"stop":1771445351269,"duration":1}}]},"1ff15fdd30d4b86af8b5d6f504683fe9":{"statistic":{"failed":0,"broken":0,"skipped":0,"passed":6,"unknown":0,"total":6},"items":[{"uid":"ce22a78d44421f5f","reportUrl":"https://ActionsWork1.github.io/PlayDiInjectv3/11/#testresult/ce22a78d44421f5f","status":"passed","time":{"start":1771428037267,"stop":1771428037267,"duration":0}},{"uid":"36f352b9fe2f51a0","reportUrl":"https://ActionsWork1.github.io/PlayDiInjectv3/4/#testresult/36f352b9fe2f51a0","status":"passed","time":{"start":1771428037267,"stop":1771428037267,"duration":0}},{"uid":"97652384d8380999","reportUrl":"https://ActionsWork1.github.io/PlayDiInjectv3/7/#testresult/97652384d8380999","status":"passed","time":{"start":1771428037267,"stop":1771428037267,"duration":0}},{"uid":"9fda9145f829dc61","reportUrl":"https://ActionsWork1.github.io/PlayDiInjectv3/6/#testresult/9fda9145f829dc61","status":"passed","time":{"start":1771428037267,"stop":1771428037267,"duration":0}},{"uid":"ec164d6056c9f273","reportUrl":"https://ActionsWork1.github.io/PlayDiInjectv3/5/#testresult/ec164d6056c9f273","status":"passed","time":{"start":1771428037267,"stop":1771428037267,"duration":0}},{"uid":"4fc05de040b5e2c","reportUrl":"https://ActionsWork1.github.io/PlayDiInjectv3/4/#testresult/4fc05de040b5e2c","status":"passed","time":{"start":1771428037267,"stop":1771428037267,"duration":0}}]},"65acb313d38b49f2e175e7415ad827c7":{"statistic":{"failed":0,"broken":0,"skipped":0,"passed":6,"unknown":0,"total":6},"items":[{"uid":"9684709d35c9b9cc","reportUrl":"https://ActionsWork1.github.io/PlayDiInjectv3/11/#testresult/9684709d35c9b9cc","status":"passed","time":{"start":1771428784000,"stop":1771428791979,"duration":7979}},{"uid":"11857685dbf3e2c0","reportUrl":"https://ActionsWork1.github.io/PlayDiInjectv3/4/#testresult/11857685dbf3e2c0","status":"passed","time":{"start":1771428784000,"stop":1771428791979,"duration":7979}},{"uid":"f23e8b829014f734","reportUrl":"https://ActionsWork1.github.io/PlayDiInjectv3/7/#testresult/f23e8b829014f734","status":"passed","time":{"start":1771428784000,"stop":1771428791979,"duration":7979}},{"uid":"3ae2e1ef679bc27d","reportUrl":"https://ActionsWork1.github.io/PlayDiInjectv3/6/#testresult/3ae2e1ef679bc27d","status":"passed","time":{"start":1771428784000,"stop":1771428791979,"duration":7979}},{"uid":"ae64f5abeb381dd6","reportUrl":"https://ActionsWork1.github.io/PlayDiInjectv3/5/#testresult/ae64f5abeb381dd6","status":"passed","time":{"start":1771428784000,"stop":1771428791979,"duration":7979}},{"uid":"585917d528ae8679","reportUrl":"https://ActionsWork1.github.io/PlayDiInjectv3/4/#testresult/585917d528ae8679","status":"passed","time":{"start":1771428784000,"stop":1771428791979,"duration":7979}}]},"40fbb137ca49c896e97132fbba734982":{"statistic":{"failed":0,"broken":0,"skipped":0,"passed":5,"unknown":0,"total":5},"items":[{"uid":"b06829ca3dbcea28","reportUrl":"https://ActionsWork1.github.io/PlayDiInjectv3/11/#testresult/b06829ca3dbcea28","status":"passed","time":{"start":1771445359318,"stop":1771445369642,"duration":10324}},{"uid":"78a7a062e77dbb9a","reportUrl":"https://ActionsWork1.github.io/PlayDiInjectv3/7/#testresult/78a7a062e77dbb9a","status":"passed","time":{"start":1771443302391,"stop":1771443308812,"duration":6421}},{"uid":"25ed41018e1c26a8","reportUrl":"https://ActionsWork1.github.io/PlayDiInjectv3/6/#testresult/25ed41018e1c26a8","status":"passed","time":{"start":1771442527241,"stop":1771442533586,"duration":6345}},{"uid":"f8a800a77cf89635","reportUrl":"https://ActionsWork1.github.io/PlayDiInjectv3/5/#testresult/f8a800a77cf89635","status":"passed","time":{"start":1771441896347,"stop":1771441902707,"duration":6360}},{"uid":"b5a6c85089c1094a","reportUrl":"https://ActionsWork1.github.io/PlayDiInjectv3/4/#testresult/b5a6c85089c1094a","status":"passed","time":{"start":1771441247546,"stop":1771441254548,"duration":7002}}]},"28105b7b9b62e8308b8b2fb0f4cd479f":{"statistic":{"failed":0,"broken":0,"skipped":0,"passed":1,"unknown":0,"total":1},"items":[{"uid":"b28d3cbba59d702b","reportUrl":"https://ActionsWork1.github.io/PlayDiInjectv3/5/#testresult/b28d3cbba59d702b","status":"passed","time":{"start":1771441893415,"stop":1771441893426,"duration":11}}]},"1401feb8cb0f992c6ae48291911ed06":{"statistic":{"failed":0,"broken":0,"skipped":0,"passed":6,"unknown":0,"total":6},"items":[{"uid":"fe3663802083404d","reportUrl":"https://ActionsWork1.github.io/PlayDiInjectv3/11/#testresult/fe3663802083404d","status":"passed","time":{"start":1771428037275,"stop":1771428037276,"duration":1}},{"uid":"1c930f2c0b58f56f","reportUrl":"https://ActionsWork1.github.io/PlayDiInjectv3/4/#testresult/1c930f2c0b58f56f","status":"passed","time":{"start":1771428037275,"stop":1771428037276,"duration":1}},{"uid":"9bcce1cf874c80a1","reportUrl":"https://ActionsWork1.github.io/PlayDiInjectv3/7/#testresult/9bcce1cf874c80a1","status":"passed","time":{"start":1771428037275,"stop":1771428037276,"duration":1}},{"uid":"3049ffac59dfc58f","reportUrl":"https://ActionsWork1.github.io/PlayDiInjectv3/6/#testresult/3049ffac59dfc58f","status":"passed","time":{"start":1771428037275,"stop":1771428037276,"duration":1}},{"uid":"4b15013f7b787f51","reportUrl":"https://ActionsWork1.github.io/PlayDiInjectv3/5/#testresult/4b15013f7b787f51","status":"passed","time":{"start":1771428037275,"stop":1771428037276,"duration":1}},{"uid":"2f12d217e9e282ba","reportUrl":"https://ActionsWork1.github.io/PlayDiInjectv3/4/#testresult/2f12d217e9e282ba","status":"passed","time":{"start":1771428037275,"stop":1771428037276,"duration":1}}]},"faa3fa25be27dde6ef6ba6580e3bcf8f":{"statistic":{"failed":0,"broken":0,"skipped":0,"passed":6,"unknown":0,"total":6},"items":[{"uid":"e84c839d4ca2feb6","reportUrl":"https://ActionsWork1.github.io/PlayDiInjectv3/11/#testresult/e84c839d4ca2feb6","status":"passed","time":{"start":1771445350032,"stop":1771445359306,"duration":9274}},{"uid":"306c88f2860f7b8b","reportUrl":"https://ActionsWork1.github.io/PlayDiInjectv3/4/#testresult/306c88f2860f7b8b","status":"passed","time":{"start":1771428774154,"stop":1771428783678,"duration":9524}},{"uid":"32fffc452fbbbe05","reportUrl":"https://ActionsWork1.github.io/PlayDiInjectv3/7/#testresult/32fffc452fbbbe05","status":"passed","time":{"start":1771443298441,"stop":1771443302381,"duration":3940}},{"uid":"9730407e1c18efee","reportUrl":"https://ActionsWork1.github.io/PlayDiInjectv3/6/#testresult/9730407e1c18efee","status":"passed","time":{"start":1771442524076,"stop":1771442527230,"duration":3154}},{"uid":"9213934e6c7baff","reportUrl":"https://ActionsWork1.github.io/PlayDiInjectv3/5/#testresult/9213934e6c7baff","status":"passed","time":{"start":1771441892107,"stop":1771441896332,"duration":4225}},{"uid":"3eebcf57271eec45","reportUrl":"https://ActionsWork1.github.io/PlayDiInjectv3/4/#testresult/3eebcf57271eec45","status":"passed","time":{"start":1771441243020,"stop":1771441247531,"duration":4511}}]},"40dd2413f322cb7137cd078115e24e13":{"statistic":{"failed":0,"broken":0,"skipped":0,"passed":1,"unknown":0,"total":1},"items":[{"uid":"fe6e5f386887a56a","reportUrl":"https://ActionsWork1.github.io/PlayDiInjectv3/5/#testresult/fe6e5f386887a56a","status":"passed","time":{"start":1771441893744,"stop":1771441893748,"duration":4}}]},"db2faf2bb640a5bc32ce9a12bbb3a852":{"statistic":{"failed":0,"broken":0,"skipped":0,"passed":6,"unknown":0,"total":6},"items":[{"uid":"c15fc4d85e5c8a69","reportUrl":"https://ActionsWork1.github.io/PlayDiInjectv3/11/#testresult/c15fc4d85e5c8a69","status":"passed","time":{"start":1771428483968,"stop":1771428483969,"duration":1}},{"uid":"705a9e486b77130a","reportUrl":"https://ActionsWork1.github.io/PlayDiInjectv3/4/#testresult/705a9e486b77130a","status":"passed","time":{"start":1771428483968,"stop":1771428483969,"duration":1}},{"uid":"5afd539b98370821","reportUrl":"https://ActionsWork1.github.io/PlayDiInjectv3/7/#testresult/5afd539b98370821","status":"passed","time":{"start":1771428483968,"stop":1771428483969,"duration":1}},{"uid":"faa07dd1bd345658","reportUrl":"https://ActionsWork1.github.io/PlayDiInjectv3/6/#testresult/faa07dd1bd345658","status":"passed","time":{"start":1771428483968,"stop":1771428483969,"duration":1}},{"uid":"e234d0d7941d16c1","reportUrl":"https://ActionsWork1.github.io/PlayDiInjectv3/5/#testresult/e234d0d7941d16c1","status":"passed","time":{"start":1771428483968,"stop":1771428483969,"duration":1}},{"uid":"f88933862f16355a","reportUrl":"https://ActionsWork1.github.io/PlayDiInjectv3/4/#testresult/f88933862f16355a","status":"passed","time":{"start":1771428483968,"stop":1771428483969,"duration":1}}]},"b84572637170164e968270f71c086aa":{"statistic":{"failed":0,"broken":0,"skipped":0,"passed":1,"unknown":0,"total":1},"items":[{"uid":"4928e40a9e78b92e","reportUrl":"https://ActionsWork1.github.io/PlayDiInjectv3/6/#testresult/4928e40a9e78b92e","status":"passed","time":{"start":1771442526350,"stop":1771442526350,"duration":0}}]},"701ad323e7d181a821744f973e744893":{"statistic":{"failed":0,"broken":0,"skipped":0,"passed":1,"unknown":0,"total":1},"items":[{"uid":"7bf59c33f5c25f51","reportUrl":"https://ActionsWork1.github.io/PlayDiInjectv3/11/#testresult/7bf59c33f5c25f51","status":"passed","time":{"start":1771445351928,"stop":1771445351928,"duration":0}}]},"97804d45341d5e071eb38f0e68d2679b":{"statistic":{"failed":0,"broken":0,"skipped":0,"passed":1,"unknown":0,"total":1},"items":[{"uid":"eb63dbe05b81f1ba","reportUrl":"https://ActionsWork1.github.io/PlayDiInjectv3/5/#testresult/eb63dbe05b81f1ba","status":"passed","time":{"start":1771441893767,"stop":1771441893767,"duration":0}}]},"137196e5bd437158c86a3c440c254936":{"statistic":{"failed":0,"broken":0,"skipped":0,"passed":1,"unknown":0,"total":1},"items":[{"uid":"460ebe4c8b7bfcf9","reportUrl":"https://ActionsWork1.github.io/PlayDiInjectv3/7/#testresult/460ebe4c8b7bfcf9","status":"passed","time":{"start":1771443300834,"stop":1771443300834,"duration":0}}]},"3b261daae8067ff0eb23db25685d8b7b":{"statistic":{"failed":0,"broken":0,"skipped":0,"passed":1,"unknown":0,"total":1},"items":[{"uid":"d687d8d857cabd98","reportUrl":"https://ActionsWork1.github.io/PlayDiInjectv3/11/#testresult/d687d8d857cabd98","status":"passed","time":{"start":1771445351256,"stop":1771445351257,"duration":1}}]},"cd1ca7f3a3527cbd11024d62c61b1a9d":{"statistic":{"failed":0,"broken":0,"skipped":0,"passed":6,"unknown":0,"total":6},"items":[{"uid":"11a852ff9a916349","reportUrl":"https://ActionsWork1.github.io/PlayDiInjectv3/11/#testresult/11a852ff9a916349","status":"passed","time":{"start":1771428483848,"stop":1771428483852,"duration":4}},{"uid":"feef8d1071f2070b","reportUrl":"https://ActionsWork1.github.io/PlayDiInjectv3/4/#testresult/feef8d1071f2070b","status":"passed","time":{"start":1771428483848,"stop":1771428483852,"duration":4}},{"uid":"33751019f4986087","reportUrl":"https://ActionsWork1.github.io/PlayDiInjectv3/7/#testresult/33751019f4986087","status":"passed","time":{"start":1771428483848,"stop":1771428483852,"duration":4}},{"uid":"3daf36246623d5d5","reportUrl":"https://ActionsWork1.github.io/PlayDiInjectv3/6/#testresult/3daf36246623d5d5","status":"passed","time":{"start":1771428483848,"stop":1771428483852,"duration":4}},{"uid":"86a4f70719ae783b","reportUrl":"https://ActionsWork1.github.io/PlayDiInjectv3/5/#testresult/86a4f70719ae783b","status":"passed","time":{"start":1771428483848,"stop":1771428483852,"duration":4}},{"uid":"9733281d06b75483","reportUrl":"https://ActionsWork1.github.io/PlayDiInjectv3/4/#testresult/9733281d06b75483","status":"passed","time":{"start":1771428483848,"stop":1771428483852,"duration":4}}]},"e7cdedc2cdd2a435bd0f013aeb829eb8":{"statistic":{"failed":0,"broken":0,"skipped":0,"passed":6,"unknown":0,"total":6},"items":[{"uid":"eaba7cd74fdb46f9","reportUrl":"https://ActionsWork1.github.io/PlayDiInjectv3/11/#testresult/eaba7cd74fdb46f9","status":"passed","time":{"start":1771428037256,"stop":1771428037256,"duration":0}},{"uid":"570408ae5a9950a1","reportUrl":"https://ActionsWork1.github.io/PlayDiInjectv3/4/#testresult/570408ae5a9950a1","status":"passed","time":{"start":1771428037256,"stop":1771428037256,"duration":0}},{"uid":"ece18405b53ba46e","reportUrl":"https://ActionsWork1.github.io/PlayDiInjectv3/7/#testresult/ece18405b53ba46e","status":"passed","time":{"start":1771428037256,"stop":1771428037256,"duration":0}},{"uid":"b3d383bfdaaf4ca1","reportUrl":"https://ActionsWork1.github.io/PlayDiInjectv3/6/#testresult/b3d383bfdaaf4ca1","status":"passed","time":{"start":1771428037256,"stop":1771428037256,"duration":0}},{"uid":"ac5ce7af37981ccb","reportUrl":"https://ActionsWork1.github.io/PlayDiInjectv3/5/#testresult/ac5ce7af37981ccb","status":"passed","time":{"start":1771428037256,"stop":1771428037256,"duration":0}},{"uid":"13160eba6aeec390","reportUrl":"https://ActionsWork1.github.io/PlayDiInjectv3/4/#testresult/13160eba6aeec390","status":"passed","time":{"start":1771428037256,"stop":1771428037256,"duration":0}}]},"63baecc315e6f4e4861350054383b85":{"statistic":{"failed":0,"broken":0,"skipped":0,"passed":6,"unknown":0,"total":6},"items":[{"uid":"ee901db8eb91f5bb","reportUrl":"https://ActionsWork1.github.io/PlayDiInjectv3/11/#testresult/ee901db8eb91f5bb","status":"passed","time":{"start":1771428483971,"stop":1771428483972,"duration":1}},{"uid":"11e63da69aac1e14","reportUrl":"https://ActionsWork1.github.io/PlayDiInjectv3/4/#testresult/11e63da69aac1e14","status":"passed","time":{"start":1771428483971,"stop":1771428483972,"duration":1}},{"uid":"617d02cb18fcd0aa","reportUrl":"https://ActionsWork1.github.io/PlayDiInjectv3/7/#testresult/617d02cb18fcd0aa","status":"passed","time":{"start":1771428483971,"stop":1771428483972,"duration":1}},{"uid":"4cfe68842e8ea6a0","reportUrl":"https://ActionsWork1.github.io/PlayDiInjectv3/6/#testresult/4cfe68842e8ea6a0","status":"passed","time":{"start":1771428483971,"stop":1771428483972,"duration":1}},{"uid":"2ed72494ea9a7576","reportUrl":"https://ActionsWork1.github.io/PlayDiInjectv3/5/#testresult/2ed72494ea9a7576","status":"passed","time":{"start":1771428483971,"stop":1771428483972,"duration":1}},{"uid":"73f4ec472546c39e","reportUrl":"https://ActionsWork1.github.io/PlayDiInjectv3/4/#testresult/73f4ec472546c39e","status":"passed","time":{"start":1771428483971,"stop":1771428483972,"duration":1}}]},"7862b193c0f93abd2b493b6d39027d85":{"statistic":{"failed":0,"broken":0,"skipped":0,"passed":6,"unknown":0,"total":6},"items":[{"uid":"fb9e012d04d6c0e1","reportUrl":"https://ActionsWork1.github.io/PlayDiInjectv3/11/#testresult/fb9e012d04d6c0e1","status":"passed","time":{"start":1771428484064,"stop":1771428484065,"duration":1}},{"uid":"bbbd02f76d06ec","reportUrl":"https://ActionsWork1.github.io/PlayDiInjectv3/4/#testresult/bbbd02f76d06ec","status":"passed","time":{"start":1771428484064,"stop":1771428484065,"duration":1}},{"uid":"d2c760e0de6ad96f","reportUrl":"https://ActionsWork1.github.io/PlayDiInjectv3/7/#testresult/d2c760e0de6ad96f","status":"passed","time":{"start":1771428484064,"stop":1771428484065,"duration":1}},{"uid":"565d69f26f8fccf9","reportUrl":"https://ActionsWork1.github.io/PlayDiInjectv3/6/#testresult/565d69f26f8fccf9","status":"passed","time":{"start":1771428484064,"stop":1771428484065,"duration":1}},{"uid":"d0a505831ffd5797","reportUrl":"https://ActionsWork1.github.io/PlayDiInjectv3/5/#testresult/d0a505831ffd5797","status":"passed","time":{"start":1771428484064,"stop":1771428484065,"duration":1}},{"uid":"1490f0c428b2036","reportUrl":"https://ActionsWork1.github.io/PlayDiInjectv3/4/#testresult/1490f0c428b2036","status":"passed","time":{"start":1771428484064,"stop":1771428484065,"duration":1}}]},"2917e5c3c0affbe73e01f579d892ceb8":{"statistic":{"failed":0,"broken":0,"skipped":0,"passed":1,"unknown":0,"total":1},"items":[{"uid":"e9645242943c29d4","reportUrl":"https://ActionsWork1.github.io/PlayDiInjectv3/4/#testresult/e9645242943c29d4","status":"passed","time":{"start":1771441244504,"stop":1771441244505,"duration":1}}]},"3faf11097377b4a3f76e50e774d47439":{"statistic":{"failed":0,"broken":0,"skipped":0,"passed":6,"unknown":0,"total":6},"items":[{"uid":"e7dfd4997488c609","reportUrl":"https://ActionsWork1.github.io/PlayDiInjectv3/11/#testresult/e7dfd4997488c609","status":"passed","time":{"start":1771445350001,"stop":1771445361231,"duration":11230}},{"uid":"b06e1a5a69ea4a9d","reportUrl":"https://ActionsWork1.github.io/PlayDiInjectv3/4/#testresult/b06e1a5a69ea4a9d","status":"passed","time":{"start":1771428774152,"stop":1771428783998,"duration":9846}},{"uid":"f4536c3a38e175d3","reportUrl":"https://ActionsWork1.github.io/PlayDiInjectv3/7/#testresult/f4536c3a38e175d3","status":"passed","time":{"start":1771443298441,"stop":1771443302297,"duration":3856}},{"uid":"c0a1b229de7b9c15","reportUrl":"https://ActionsWork1.github.io/PlayDiInjectv3/6/#testresult/c0a1b229de7b9c15","status":"passed","time":{"start":1771442524068,"stop":1771442527791,"duration":3723}},{"uid":"56cc9adbd6fd7f55","reportUrl":"https://ActionsWork1.github.io/PlayDiInjectv3/5/#testresult/56cc9adbd6fd7f55","status":"passed","time":{"start":1771441892104,"stop":1771441896334,"duration":4230}},{"uid":"59dd108ead105c27","reportUrl":"https://ActionsWork1.github.io/PlayDiInjectv3/4/#testresult/59dd108ead105c27","status":"passed","time":{"start":1771441242994,"stop":1771441247833,"duration":4839}}]},"db9ce058ff74816c4415d38344f2e86a":{"statistic":{"failed":0,"broken":0,"skipped":0,"passed":6,"unknown":0,"total":6},"items":[{"uid":"ca2aab2b02b3bddd","reportUrl":"https://ActionsWork1.github.io/PlayDiInjectv3/11/#testresult/ca2aab2b02b3bddd","status":"passed","time":{"start":1771428037426,"stop":1771428037426,"duration":0}},{"uid":"e4b31112e2c103f5","reportUrl":"https://ActionsWork1.github.io/PlayDiInjectv3/4/#testresult/e4b31112e2c103f5","status":"passed","time":{"start":1771428037426,"stop":1771428037426,"duration":0}},{"uid":"e057571bfb4bab76","reportUrl":"https://ActionsWork1.github.io/PlayDiInjectv3/7/#testresult/e057571bfb4bab76","status":"passed","time":{"start":1771428037426,"stop":1771428037426,"duration":0}},{"uid":"a72021fcf8674236","reportUrl":"https://ActionsWork1.github.io/PlayDiInjectv3/6/#testresult/a72021fcf8674236","status":"passed","time":{"start":1771428037426,"stop":1771428037426,"duration":0}},{"uid":"d310565e8c18742d","reportUrl":"https://ActionsWork1.github.io/PlayDiInjectv3/5/#testresult/d310565e8c18742d","status":"passed","time":{"start":1771428037426,"stop":1771428037426,"duration":0}},{"uid":"91fc9c9de7e26166","reportUrl":"https://ActionsWork1.github.io/PlayDiInjectv3/4/#testresult/91fc9c9de7e26166","status":"passed","time":{"start":1771428037426,"stop":1771428037426,"duration":0}}]},"1c8431194cccbbc355ca4b0ccb61a07a":{"statistic":{"failed":0,"broken":0,"skipped":0,"passed":6,"unknown":0,"total":6},"items":[{"uid":"36b7078d342ec808","reportUrl":"https://ActionsWork1.github.io/PlayDiInjectv3/11/#testresult/36b7078d342ec808","status":"passed","time":{"start":1771445351735,"stop":1771445351735,"duration":0}},{"uid":"a6b69c8b9b7ae08e","reportUrl":"https://ActionsWork1.github.io/PlayDiInjectv3/4/#testresult/a6b69c8b9b7ae08e","status":"passed","time":{"start":1771428775147,"stop":1771428775147,"duration":0}},{"uid":"f93c58b50cd5ff15","reportUrl":"https://ActionsWork1.github.io/PlayDiInjectv3/7/#testresult/f93c58b50cd5ff15","status":"passed","time":{"start":1771443300811,"stop":1771443300812,"duration":1}},{"uid":"febc6312e1305b7e","reportUrl":"https://ActionsWork1.github.io/PlayDiInjectv3/6/#testresult/febc6312e1305b7e","status":"passed","time":{"start":1771442526160,"stop":1771442526160,"duration":0}},{"uid":"1ea7423aaa30532a","reportUrl":"https://ActionsWork1.github.io/PlayDiInjectv3/5/#testresult/1ea7423aaa30532a","status":"passed","time":{"start":1771441894460,"stop":1771441894461,"duration":1}},{"uid":"887e69bcabd0a7c4","reportUrl":"https://ActionsWork1.github.io/PlayDiInjectv3/4/#testresult/887e69bcabd0a7c4","status":"passed","time":{"start":1771441245180,"stop":1771441245180,"duration":0}}]},"d67965f3de7e5f3e21b485910ae804b":{"statistic":{"failed":0,"broken":0,"skipped":0,"passed":1,"unknown":0,"total":1},"items":[{"uid":"7b831b4254b8db55","reportUrl":"https://ActionsWork1.github.io/PlayDiInjectv3/5/#testresult/7b831b4254b8db55","status":"passed","time":{"start":1771441894268,"stop":1771441894273,"duration":5}}]},"bd7a08689e08bf3313c875a5a3e6d53b":{"statistic":{"failed":0,"broken":0,"skipped":0,"passed":6,"unknown":0,"total":6},"items":[{"uid":"7eae0148e28942fe","reportUrl":"https://ActionsWork1.github.io/PlayDiInjectv3/11/#testresult/7eae0148e28942fe","status":"passed","time":{"start":1771445351283,"stop":1771445351401,"duration":118}},{"uid":"acb939573c8f258c","reportUrl":"https://ActionsWork1.github.io/PlayDiInjectv3/4/#testresult/acb939573c8f258c","status":"passed","time":{"start":1771428774879,"stop":1771428774938,"duration":59}},{"uid":"fafbed10f9737375","reportUrl":"https://ActionsWork1.github.io/PlayDiInjectv3/7/#testresult/fafbed10f9737375","status":"passed","time":{"start":1771443300150,"stop":1771443300295,"duration":145}},{"uid":"766c54097fee9b1d","reportUrl":"https://ActionsWork1.github.io/PlayDiInjectv3/6/#testresult/766c54097fee9b1d","status":"passed","time":{"start":1771442525481,"stop":1771442525571,"duration":90}},{"uid":"801977f672e663d7","reportUrl":"https://ActionsWork1.github.io/PlayDiInjectv3/5/#testresult/801977f672e663d7","status":"passed","time":{"start":1771441893777,"stop":1771441893888,"duration":111}},{"uid":"4a334b60e2876fbe","reportUrl":"https://ActionsWork1.github.io/PlayDiInjectv3/4/#testresult/4a334b60e2876fbe","status":"passed","time":{"start":1771441244530,"stop":1771441244677,"duration":147}}]},"eb5ca9e0931643aab15ac87ab36323b6":{"statistic":{"failed":0,"broken":0,"skipped":0,"passed":6,"unknown":0,"total":6},"items":[{"uid":"d56b549735d47df7","reportUrl":"https://ActionsWork1.github.io/PlayDiInjectv3/11/#testresult/d56b549735d47df7","status":"passed","time":{"start":1771428037270,"stop":1771428037271,"duration":1}},{"uid":"a0ce92aa30695596","reportUrl":"https://ActionsWork1.github.io/PlayDiInjectv3/4/#testresult/a0ce92aa30695596","status":"passed","time":{"start":1771428037270,"stop":1771428037271,"duration":1}},{"uid":"fc0ecf87bf08468f","reportUrl":"https://ActionsWork1.github.io/PlayDiInjectv3/7/#testresult/fc0ecf87bf08468f","status":"passed","time":{"start":1771428037270,"stop":1771428037271,"duration":1}},{"uid":"61bb5f9b7e3504e1","reportUrl":"https://ActionsWork1.github.io/PlayDiInjectv3/6/#testresult/61bb5f9b7e3504e1","status":"passed","time":{"start":1771428037270,"stop":1771428037271,"duration":1}},{"uid":"2e8ca904af1f4fd6","reportUrl":"https://ActionsWork1.github.io/PlayDiInjectv3/5/#testresult/2e8ca904af1f4fd6","status":"passed","time":{"start":1771428037270,"stop":1771428037271,"duration":1}},{"uid":"46fe33955460de99","reportUrl":"https://ActionsWork1.github.io/PlayDiInjectv3/4/#testresult/46fe33955460de99","status":"passed","time":{"start":1771428037270,"stop":1771428037271,"duration":1}}]},"703a9a2f85063632625e9920297b54bf":{"statistic":{"failed":0,"broken":0,"skipped":0,"passed":1,"unknown":0,"total":1},"items":[{"uid":"69072d36193524d6","reportUrl":"https://ActionsWork1.github.io/PlayDiInjectv3/4/#testresult/69072d36193524d6","status":"passed","time":{"start":1771441245162,"stop":1771441245165,"duration":3}}]},"2fc191e2715d3fc472d41a3ab8b2e6":{"statistic":{"failed":0,"broken":0,"skipped":0,"passed":6,"unknown":0,"total":6},"items":[{"uid":"b6225d6205a86e84","reportUrl":"https://ActionsWork1.github.io/PlayDiInjectv3/11/#testresult/b6225d6205a86e84","status":"passed","time":{"start":1771428483965,"stop":1771428483965,"duration":0}},{"uid":"4f61a8d5aa21f0eb","reportUrl":"https://ActionsWork1.github.io/PlayDiInjectv3/4/#testresult/4f61a8d5aa21f0eb","status":"passed","time":{"start":1771428483965,"stop":1771428483965,"duration":0}},{"uid":"bbec82ea76aae1fa","reportUrl":"https://ActionsWork1.github.io/PlayDiInjectv3/7/#testresult/bbec82ea76aae1fa","status":"passed","time":{"start":1771428483965,"stop":1771428483965,"duration":0}},{"uid":"40691edf9ba5a8ed","reportUrl":"https://ActionsWork1.github.io/PlayDiInjectv3/6/#testresult/40691edf9ba5a8ed","status":"passed","time":{"start":1771428483965,"stop":1771428483965,"duration":0}},{"uid":"d820303d376435ba","reportUrl":"https://ActionsWork1.github.io/PlayDiInjectv3/5/#testresult/d820303d376435ba","status":"passed","time":{"start":1771428483965,"stop":1771428483965,"duration":0}},{"uid":"c0cfebb01d32705f","reportUrl":"https://ActionsWork1.github.io/PlayDiInjectv3/4/#testresult/c0cfebb01d32705f","status":"passed","time":{"start":1771428483965,"stop":1771428483965,"duration":0}}]},"324a925553e684d0b7027d906c278b43":{"statistic":{"failed":0,"broken":0,"skipped":0,"passed":1,"unknown":0,"total":1},"items":[{"uid":"dd0d4195d06e64c5","reportUrl":"https://ActionsWork1.github.io/PlayDiInjectv3/6/#testresult/dd0d4195d06e64c5","status":"passed","time":{"start":1771442525152,"stop":1771442525178,"duration":26}}]},"433f06932439cb4f401287af5b8745bd":{"statistic":{"failed":0,"broken":0,"skipped":0,"passed":1,"unknown":0,"total":1},"items":[{"uid":"f2c35632cdd7b191","reportUrl":"https://ActionsWork1.github.io/PlayDiInjectv3/7/#testresult/f2c35632cdd7b191","status":"passed","time":{"start":1771443300136,"stop":1771443300136,"duration":0}}]},"c965b3e408ae44f96a5ae1c1646327eb":{"statistic":{"failed":0,"broken":0,"skipped":0,"passed":1,"unknown":0,"total":1},"items":[{"uid":"f6884a8d5fa01fcb","reportUrl":"https://ActionsWork1.github.io/PlayDiInjectv3/11/#testresult/f6884a8d5fa01fcb","status":"passed","time":{"start":1771445351274,"stop":1771445351274,"duration":0}}]},"2a26bf78ff283100ec2c6dff42922cb2":{"statistic":{"failed":0,"broken":0,"skipped":0,"passed":6,"unknown":0,"total":6},"items":[{"uid":"be720c2d9f73a2de","reportUrl":"https://ActionsWork1.github.io/PlayDiInjectv3/11/#testresult/be720c2d9f73a2de","status":"passed","time":{"start":1771428774871,"stop":1771428774871,"duration":0}},{"uid":"8e344c285b77a08e","reportUrl":"https://ActionsWork1.github.io/PlayDiInjectv3/4/#testresult/8e344c285b77a08e","status":"passed","time":{"start":1771428774871,"stop":1771428774871,"duration":0}},{"uid":"495b514fa663e511","reportUrl":"https://ActionsWork1.github.io/PlayDiInjectv3/7/#testresult/495b514fa663e511","status":"passed","time":{"start":1771428774871,"stop":1771428774871,"duration":0}},{"uid":"1685dbdfd90bf326","reportUrl":"https://ActionsWork1.github.io/PlayDiInjectv3/6/#testresult/1685dbdfd90bf326","status":"passed","time":{"start":1771428774871,"stop":1771428774871,"duration":0}},{"uid":"ab52b712a0bdf7f9","reportUrl":"https://ActionsWork1.github.io/PlayDiInjectv3/5/#testresult/ab52b712a0bdf7f9","status":"passed","time":{"start":1771428774871,"stop":1771428774871,"duration":0}},{"uid":"4a5390cc6a7a5938","reportUrl":"https://ActionsWork1.github.io/PlayDiInjectv3/4/#testresult/4a5390cc6a7a5938","status":"passed","time":{"start":1771428774871,"stop":1771428774871,"duration":0}}]},"d3bf76d3b0f22b2fbf952620c4d33a1f":{"statistic":{"failed":0,"broken":0,"skipped":0,"passed":1,"unknown":0,"total":1},"items":[{"uid":"c5d37d186ae4ab7d","reportUrl":"https://ActionsWork1.github.io/PlayDiInjectv3/5/#testresult/c5d37d186ae4ab7d","status":"passed","time":{"start":1771441894287,"stop":1771441894287,"duration":0}}]},"f408f4ce71b3a2944a6db56056f99f25":{"statistic":{"failed":0,"broken":0,"skipped":0,"passed":6,"unknown":0,"total":6},"items":[{"uid":"9b899d79f11a84e1","reportUrl":"https://ActionsWork1.github.io/PlayDiInjectv3/11/#testresult/9b899d79f11a84e1","status":"passed","time":{"start":1771428483974,"stop":1771428483975,"duration":1}},{"uid":"ae8fbf727942a1ea","reportUrl":"https://ActionsWork1.github.io/PlayDiInjectv3/4/#testresult/ae8fbf727942a1ea","status":"passed","time":{"start":1771428483974,"stop":1771428483975,"duration":1}},{"uid":"dcb4e69ce9e802f7","reportUrl":"https://ActionsWork1.github.io/PlayDiInjectv3/7/#testresult/dcb4e69ce9e802f7","status":"passed","time":{"start":1771428483974,"stop":1771428483975,"duration":1}},{"uid":"958b29ed21c8b07c","reportUrl":"https://ActionsWork1.github.io/PlayDiInjectv3/6/#testresult/958b29ed21c8b07c","status":"passed","time":{"start":1771428483974,"stop":1771428483975,"duration":1}},{"uid":"85323fab9fcc69df","reportUrl":"https://ActionsWork1.github.io/PlayDiInjectv3/5/#testresult/85323fab9fcc69df","status":"passed","time":{"start":1771428483974,"stop":1771428483975,"duration":1}},{"uid":"c980a3dc13e1fe25","reportUrl":"https://ActionsWork1.github.io/PlayDiInjectv3/4/#testresult/c980a3dc13e1fe25","status":"passed","time":{"start":1771428483974,"stop":1771428483975,"duration":1}}]},"38cdcadd8556aa150a02dca8a59f527a":{"statistic":{"failed":0,"broken":0,"skipped":0,"passed":1,"unknown":0,"total":1},"items":[{"uid":"7842e842480ecc97","reportUrl":"https://ActionsWork1.github.io/PlayDiInjectv3/7/#testresult/7842e842480ecc97","status":"passed","time":{"start":1771443299861,"stop":1771443299887,"duration":26}}]},"34fed2e47e88fae695f88ad25c4787f8":{"statistic":{"failed":0,"broken":0,"skipped":0,"passed":6,"unknown":0,"total":6},"items":[{"uid":"2a77f4921aee5dd2","reportUrl":"https://ActionsWork1.github.io/PlayDiInjectv3/11/#testresult/2a77f4921aee5dd2","status":"passed","time":{"start":1771428774862,"stop":1771428774863,"duration":1}},{"uid":"b9b876de9feb6b41","reportUrl":"https://ActionsWork1.github.io/PlayDiInjectv3/4/#testresult/b9b876de9feb6b41","status":"passed","time":{"start":1771428774862,"stop":1771428774863,"duration":1}},{"uid":"85d917f9b9a21c5e","reportUrl":"https://ActionsWork1.github.io/PlayDiInjectv3/7/#testresult/85d917f9b9a21c5e","status":"passed","time":{"start":1771428774862,"stop":1771428774863,"duration":1}},{"uid":"28e37528c9706d38","reportUrl":"https://ActionsWork1.github.io/PlayDiInjectv3/6/#testresult/28e37528c9706d38","status":"passed","time":{"start":1771428774862,"stop":1771428774863,"duration":1}},{"uid":"93f66f24d36513ac","reportUrl":"https://ActionsWork1.github.io/PlayDiInjectv3/5/#testresult/93f66f24d36513ac","status":"passed","time":{"start":1771428774862,"stop":1771428774863,"duration":1}},{"uid":"e9371c7ffb0002e0","reportUrl":"https://ActionsWork1.github.io/PlayDiInjectv3/4/#testresult/e9371c7ffb0002e0","status":"passed","time":{"start":1771428774862,"stop":1771428774863,"duration":1}}]},"1cb637651cdc17001088eb68cc2c7ae2":{"statistic":{"failed":0,"broken":0,"skipped":0,"passed":1,"unknown":0,"total":1},"items":[{"uid":"7902c115889a062f","reportUrl":"https://ActionsWork1.github.io/PlayDiInjectv3/4/#testresult/7902c115889a062f","status":"passed","time":{"start":1771441244273,"stop":1771441244277,"duration":4}}]},"bd577fbb39ca36741539f966803a2d76":{"statistic":{"failed":0,"broken":0,"skipped":0,"passed":1,"unknown":0,"total":1},"items":[{"uid":"a35ee7a0986faf8e","reportUrl":"https://ActionsWork1.github.io/PlayDiInjectv3/7/#testresult/a35ee7a0986faf8e","status":"passed","time":{"start":1771443300115,"stop":1771443300120,"duration":5}}]},"5f17009ebafac03392babfd4728cb973":{"statistic":{"failed":0,"broken":0,"skipped":0,"passed":1,"unknown":0,"total":1},"items":[{"uid":"56026b8bc0e2445a","reportUrl":"https://ActionsWork1.github.io/PlayDiInjectv3/11/#testresult/56026b8bc0e2445a","status":"passed","time":{"start":1771445351276,"stop":1771445351276,"duration":0}}]},"ddd01572ac003c660f96df9de63e313d":{"statistic":{"failed":0,"broken":0,"skipped":0,"passed":1,"unknown":0,"total":1},"items":[{"uid":"af2306512e5b65da","reportUrl":"https://ActionsWork1.github.io/PlayDiInjectv3/6/#testresult/af2306512e5b65da","status":"passed","time":{"start":1771442526347,"stop":1771442526348,"duration":1}}]},"2001de546e4fb5211ba55dbe634e2e77":{"statistic":{"failed":0,"broken":0,"skipped":0,"passed":5,"unknown":0,"total":5},"items":[{"uid":"3286356e298554f9","reportUrl":"https://ActionsWork1.github.io/PlayDiInjectv3/11/#testresult/3286356e298554f9","status":"passed","time":{"start":1771445361236,"stop":1771445371450,"duration":10214}},{"uid":"85e76cefb01e1ebe","reportUrl":"https://ActionsWork1.github.io/PlayDiInjectv3/7/#testresult/85e76cefb01e1ebe","status":"passed","time":{"start":1771443302309,"stop":1771443308733,"duration":6424}},{"uid":"7b96f512538d78e8","reportUrl":"https://ActionsWork1.github.io/PlayDiInjectv3/6/#testresult/7b96f512538d78e8","status":"passed","time":{"start":1771442527794,"stop":1771442533684,"duration":5890}},{"uid":"50245b3c13e5c44d","reportUrl":"https://ActionsWork1.github.io/PlayDiInjectv3/5/#testresult/50245b3c13e5c44d","status":"passed","time":{"start":1771441896347,"stop":1771441902672,"duration":6325}},{"uid":"767d2fdb9ee9da9a","reportUrl":"https://ActionsWork1.github.io/PlayDiInjectv3/4/#testresult/767d2fdb9ee9da9a","status":"passed","time":{"start":1771441247836,"stop":1771441254861,"duration":7025}}]},"eeecaaf99185258a394eab329f73595d":{"statistic":{"failed":0,"broken":0,"skipped":0,"passed":1,"unknown":0,"total":1},"items":[{"uid":"6cbbb63da8b1a979","reportUrl":"https://ActionsWork1.github.io/PlayDiInjectv3/7/#testresult/6cbbb63da8b1a979","status":"passed","time":{"start":1771443300830,"stop":1771443300831,"duration":1}}]},"fb3a7e704a943a0954d1cdb517097a35":{"statistic":{"failed":0,"broken":0,"skipped":0,"passed":6,"unknown":0,"total":6},"items":[{"uid":"82a9880c0d5d638","reportUrl":"https://ActionsWork1.github.io/PlayDiInjectv3/11/#testresult/82a9880c0d5d638","status":"passed","time":{"start":1771428037422,"stop":1771428037423,"duration":1}},{"uid":"1e4de268d498e0a8","reportUrl":"https://ActionsWork1.github.io/PlayDiInjectv3/4/#testresult/1e4de268d498e0a8","status":"passed","time":{"start":1771428037422,"stop":1771428037423,"duration":1}},{"uid":"bdd4f8b938bb3ab","reportUrl":"https://ActionsWork1.github.io/PlayDiInjectv3/7/#testresult/bdd4f8b938bb3ab","status":"passed","time":{"start":1771428037422,"stop":1771428037423,"duration":1}},{"uid":"7fdffb14d655b35","reportUrl":"https://ActionsWork1.github.io/PlayDiInjectv3/6/#testresult/7fdffb14d655b35","status":"passed","time":{"start":1771428037422,"stop":1771428037423,"duration":1}},{"uid":"dce89c31ffe346c2","reportUrl":"https://ActionsWork1.github.io/PlayDiInjectv3/5/#testresult/dce89c31ffe346c2","status":"passed","time":{"start":1771428037422,"stop":1771428037423,"duration":1}},{"uid":"d3c73f57c1a84539","reportUrl":"https://ActionsWork1.github.io/PlayDiInjectv3/4/#testresult/d3c73f57c1a84539","status":"passed","time":{"start":1771428037422,"stop":1771428037423,"duration":1}}]},"b8f337458330591b6b764349bebf47ee":{"statistic":{"failed":0,"broken":0,"skipped":0,"passed":6,"unknown":0,"total":6},"items":[{"uid":"ef15de40d117b9de","reportUrl":"https://ActionsWork1.github.io/PlayDiInjectv3/11/#testresult/ef15de40d117b9de","status":"passed","time":{"start":1771428484062,"stop":1771428484062,"duration":0}},{"uid":"d77cb49a5f53ca44","reportUrl":"https://ActionsWork1.github.io/PlayDiInjectv3/4/#testresult/d77cb49a5f53ca44","status":"passed","time":{"start":1771428484062,"stop":1771428484062,"duration":0}},{"uid":"4faf387045469ebe","reportUrl":"https://ActionsWork1.github.io/PlayDiInjectv3/7/#testresult/4faf387045469ebe","status":"passed","time":{"start":1771428484062,"stop":1771428484062,"duration":0}},{"uid":"e65410294a0afc85","reportUrl":"https://ActionsWork1.github.io/PlayDiInjectv3/6/#testresult/e65410294a0afc85","status":"passed","time":{"start":1771428484062,"stop":1771428484062,"duration":0}},{"uid":"f6ca633b16c1f713","reportUrl":"https://ActionsWork1.github.io/PlayDiInjectv3/5/#testresult/f6ca633b16c1f713","status":"passed","time":{"start":1771428484062,"stop":1771428484062,"duration":0}},{"uid":"14d3434e94eb4591","reportUrl":"https://ActionsWork1.github.io/PlayDiInjectv3/4/#testresult/14d3434e94eb4591","status":"passed","time":{"start":1771428484062,"stop":1771428484062,"duration":0}}]},"2438827432014e2b9d90e8a01d8f9f15":{"statistic":{"failed":0,"broken":0,"skipped":0,"passed":6,"unknown":0,"total":6},"items":[{"uid":"9178425757eb71f8","reportUrl":"https://ActionsWork1.github.io/PlayDiInjectv3/11/#testresult/9178425757eb71f8","status":"passed","time":{"start":1771428774901,"stop":1771428774903,"duration":2}},{"uid":"4e1b8ffba0c92616","reportUrl":"https://ActionsWork1.github.io/PlayDiInjectv3/4/#testresult/4e1b8ffba0c92616","status":"passed","time":{"start":1771428774901,"stop":1771428774903,"duration":2}},{"uid":"eca1681aee42f4d2","reportUrl":"https://ActionsWork1.github.io/PlayDiInjectv3/7/#testresult/eca1681aee42f4d2","status":"passed","time":{"start":1771428774901,"stop":1771428774903,"duration":2}},{"uid":"aec9678263d86914","reportUrl":"https://ActionsWork1.github.io/PlayDiInjectv3/6/#testresult/aec9678263d86914","status":"passed","time":{"start":1771428774901,"stop":1771428774903,"duration":2}},{"uid":"39efd9f1ecb03bc0","reportUrl":"https://ActionsWork1.github.io/PlayDiInjectv3/5/#testresult/39efd9f1ecb03bc0","status":"passed","time":{"start":1771428774901,"stop":1771428774903,"duration":2}},{"uid":"4b4ac8745805d886","reportUrl":"https://ActionsWork1.github.io/PlayDiInjectv3/4/#testresult/4b4ac8745805d886","status":"passed","time":{"start":1771428774901,"stop":1771428774903,"duration":2}}]},"4507e219127b34dbd9a6b1cf8eb76a29":{"statistic":{"failed":0,"broken":0,"skipped":0,"passed":1,"unknown":0,"total":1},"items":[{"uid":"520c57207a9f882e","reportUrl":"https://ActionsWork1.github.io/PlayDiInjectv3/5/#testresult/520c57207a9f882e","status":"passed","time":{"start":1771441893732,"stop":1771441893736,"duration":4}}]},"da3da4a5d196632be6b3809f86a0b83d":{"statistic":{"failed":0,"broken":0,"skipped":0,"passed":6,"unknown":0,"total":6},"items":[{"uid":"ac2c450411261d3a","reportUrl":"https://ActionsWork1.github.io/PlayDiInjectv3/11/#testresult/ac2c450411261d3a","status":"passed","time":{"start":1771428774905,"stop":1771428774906,"duration":1}},{"uid":"6d119987f8ca9b73","reportUrl":"https://ActionsWork1.github.io/PlayDiInjectv3/4/#testresult/6d119987f8ca9b73","status":"passed","time":{"start":1771428774905,"stop":1771428774906,"duration":1}},{"uid":"f2438ddd12a8d8b7","reportUrl":"https://ActionsWork1.github.io/PlayDiInjectv3/7/#testresult/f2438ddd12a8d8b7","status":"passed","time":{"start":1771428774905,"stop":1771428774906,"duration":1}},{"uid":"ad5b759d139c272f","reportUrl":"https://ActionsWork1.github.io/PlayDiInjectv3/6/#testresult/ad5b759d139c272f","status":"passed","time":{"start":1771428774905,"stop":1771428774906,"duration":1}},{"uid":"20fa36c738a8b13c","reportUrl":"https://ActionsWork1.github.io/PlayDiInjectv3/5/#testresult/20fa36c738a8b13c","status":"passed","time":{"start":1771428774905,"stop":1771428774906,"duration":1}},{"uid":"2315a01612416bd","reportUrl":"https://ActionsWork1.github.io/PlayDiInjectv3/4/#testresult/2315a01612416bd","status":"passed","time":{"start":1771428774905,"stop":1771428774906,"duration":1}}]},"20294b0e0a12707de8fed7b325a40606":{"statistic":{"failed":0,"broken":0,"skipped":0,"passed":1,"unknown":0,"total":1},"items":[{"uid":"466b2530148f6f78","reportUrl":"https://ActionsWork1.github.io/PlayDiInjectv3/6/#testresult/466b2530148f6f78","status":"passed","time":{"start":1771442525455,"stop":1771442525456,"duration":1}}]},"74a62fdd52768b3575629bc6b5d50076":{"statistic":{"failed":0,"broken":0,"skipped":0,"passed":1,"unknown":0,"total":1},"items":[{"uid":"2f9b8e3bf0b902de","reportUrl":"https://ActionsWork1.github.io/PlayDiInjectv3/5/#testresult/2f9b8e3bf0b902de","status":"passed","time":{"start":1771441893754,"stop":1771441893755,"duration":1}}]},"e1f22cdb543809f0d34ed1123732e7b9":{"statistic":{"failed":0,"broken":0,"skipped":0,"passed":6,"unknown":0,"total":6},"items":[{"uid":"5f0405dbf712db72","reportUrl":"https://ActionsWork1.github.io/PlayDiInjectv3/11/#testresult/5f0405dbf712db72","status":"passed","time":{"start":1771428037132,"stop":1771428037137,"duration":5}},{"uid":"5992b8275470e2c","reportUrl":"https://ActionsWork1.github.io/PlayDiInjectv3/4/#testresult/5992b8275470e2c","status":"passed","time":{"start":1771428037132,"stop":1771428037137,"duration":5}},{"uid":"ac6d49e9d8f67ff4","reportUrl":"https://ActionsWork1.github.io/PlayDiInjectv3/7/#testresult/ac6d49e9d8f67ff4","status":"passed","time":{"start":1771428037132,"stop":1771428037137,"duration":5}},{"uid":"1a33728c0914c4e0","reportUrl":"https://ActionsWork1.github.io/PlayDiInjectv3/6/#testresult/1a33728c0914c4e0","status":"passed","time":{"start":1771428037132,"stop":1771428037137,"duration":5}},{"uid":"525b50f1e1cf369d","reportUrl":"https://ActionsWork1.github.io/PlayDiInjectv3/5/#testresult/525b50f1e1cf369d","status":"passed","time":{"start":1771428037132,"stop":1771428037137,"duration":5}},{"uid":"6e6f1b65140ee7","reportUrl":"https://ActionsWork1.github.io/PlayDiInjectv3/4/#testresult/6e6f1b65140ee7","status":"passed","time":{"start":1771428037132,"stop":1771428037137,"duration":5}}]},"3663c1b4e44e577a5329ddc148114e17":{"statistic":{"failed":0,"broken":0,"skipped":0,"passed":6,"unknown":0,"total":6},"items":[{"uid":"78a81bc24c9d5ebf","reportUrl":"https://ActionsWork1.github.io/PlayDiInjectv3/11/#testresult/78a81bc24c9d5ebf","status":"passed","time":{"start":1771445351727,"stop":1771445351728,"duration":1}},{"uid":"921a159e39e6721b","reportUrl":"https://ActionsWork1.github.io/PlayDiInjectv3/4/#testresult/921a159e39e6721b","status":"passed","time":{"start":1771428775142,"stop":1771428775143,"duration":1}},{"uid":"20024dd4a7f95044","reportUrl":"https://ActionsWork1.github.io/PlayDiInjectv3/7/#testresult/20024dd4a7f95044","status":"passed","time":{"start":1771443300808,"stop":1771443300808,"duration":0}},{"uid":"6e7a8fd0cb87addb","reportUrl":"https://ActionsWork1.github.io/PlayDiInjectv3/6/#testresult/6e7a8fd0cb87addb","status":"passed","time":{"start":1771442526155,"stop":1771442526157,"duration":2}},{"uid":"69b317e25173393c","reportUrl":"https://ActionsWork1.github.io/PlayDiInjectv3/5/#testresult/69b317e25173393c","status":"passed","time":{"start":1771441894458,"stop":1771441894459,"duration":1}},{"uid":"35c3df65bff5c30d","reportUrl":"https://ActionsWork1.github.io/PlayDiInjectv3/4/#testresult/35c3df65bff5c30d","status":"passed","time":{"start":1771441245177,"stop":1771441245178,"duration":1}}]},"6a93db7d8d6f7d8bcbd9a1390aff3bfc":{"statistic":{"failed":0,"broken":0,"skipped":0,"passed":6,"unknown":0,"total":6},"items":[{"uid":"fed9410884f0893","reportUrl":"https://ActionsWork1.github.io/PlayDiInjectv3/11/#testresult/fed9410884f0893","status":"passed","time":{"start":1771428774867,"stop":1771428774868,"duration":1}},{"uid":"19f2c2de66efc3a6","reportUrl":"https://ActionsWork1.github.io/PlayDiInjectv3/4/#testresult/19f2c2de66efc3a6","status":"passed","time":{"start":1771428774867,"stop":1771428774868,"duration":1}},{"uid":"8edabab60bc86cbf","reportUrl":"https://ActionsWork1.github.io/PlayDiInjectv3/7/#testresult/8edabab60bc86cbf","status":"passed","time":{"start":1771428774867,"stop":1771428774868,"duration":1}},{"uid":"2158daf082ea7671","reportUrl":"https://ActionsWork1.github.io/PlayDiInjectv3/6/#testresult/2158daf082ea7671","status":"passed","time":{"start":1771428774867,"stop":1771428774868,"duration":1}},{"uid":"ee93848e57ac1fc7","reportUrl":"https://ActionsWork1.github.io/PlayDiInjectv3/5/#testresult/ee93848e57ac1fc7","status":"passed","time":{"start":1771428774867,"stop":1771428774868,"duration":1}},{"uid":"b0be820592e99781","reportUrl":"https://ActionsWork1.github.io/PlayDiInjectv3/4/#testresult/b0be820592e99781","status":"passed","time":{"start":1771428774867,"stop":1771428774868,"duration":1}}]},"fce1e08fbd844190f3f577f2fd1abdbc":{"statistic":{"failed":0,"broken":0,"skipped":0,"passed":6,"unknown":0,"total":6},"items":[{"uid":"ee80c0142a556dc8","reportUrl":"https://ActionsWork1.github.io/PlayDiInjectv3/11/#testresult/ee80c0142a556dc8","status":"passed","time":{"start":1771428774738,"stop":1771428774742,"duration":4}},{"uid":"d175d389929e6eb5","reportUrl":"https://ActionsWork1.github.io/PlayDiInjectv3/4/#testresult/d175d389929e6eb5","status":"passed","time":{"start":1771428774738,"stop":1771428774742,"duration":4}},{"uid":"eb67e4af33148851","reportUrl":"https://ActionsWork1.github.io/PlayDiInjectv3/7/#testresult/eb67e4af33148851","status":"passed","time":{"start":1771428774738,"stop":1771428774742,"duration":4}},{"uid":"c49cd86c453dd58","reportUrl":"https://ActionsWork1.github.io/PlayDiInjectv3/6/#testresult/c49cd86c453dd58","status":"passed","time":{"start":1771428774738,"stop":1771428774742,"duration":4}},{"uid":"6f74f3f44cb54a7b","reportUrl":"https://ActionsWork1.github.io/PlayDiInjectv3/5/#testresult/6f74f3f44cb54a7b","status":"passed","time":{"start":1771428774738,"stop":1771428774742,"duration":4}},{"uid":"8d421bd42088ad1e","reportUrl":"https://ActionsWork1.github.io/PlayDiInjectv3/4/#testresult/8d421bd42088ad1e","status":"passed","time":{"start":1771428774738,"stop":1771428774742,"duration":4}}]},"ddc3d89ba2def492fce3356093266db4":{"statistic":{"failed":0,"broken":0,"skipped":0,"passed":1,"unknown":0,"total":1},"items":[{"uid":"eb367ae5c4df3e17","reportUrl":"https://ActionsWork1.github.io/PlayDiInjectv3/6/#testresult/eb367ae5c4df3e17","status":"passed","time":{"start":1771442525397,"stop":1771442525403,"duration":6}}]},"895e5b1136c86d30a598d39d69092a9":{"statistic":{"failed":0,"broken":0,"skipped":0,"passed":1,"unknown":0,"total":1},"items":[{"uid":"36a049c9f7264dd5","reportUrl":"https://ActionsWork1.github.io/PlayDiInjectv3/4/#testresult/36a049c9f7264dd5","status":"passed","time":{"start":1771441244512,"stop":1771441244512,"duration":0}}]},"9b5701e09bd181357801056b999138d2":{"statistic":{"failed":0,"broken":0,"skipped":0,"passed":1,"unknown":0,"total":1},"items":[{"uid":"46e8759aeebb3400","reportUrl":"https://ActionsWork1.github.io/PlayDiInjectv3/11/#testresult/46e8759aeebb3400","status":"passed","time":{"start":1771445351037,"stop":1771445351046,"duration":9}}]},"de2f4364f1b6571cdbc82143d4e5c577":{"statistic":{"failed":0,"broken":0,"skipped":0,"passed":1,"unknown":0,"total":1},"items":[{"uid":"be9fae8754e96d8","reportUrl":"https://ActionsWork1.github.io/PlayDiInjectv3/7/#testresult/be9fae8754e96d8","status":"passed","time":{"start":1771443300130,"stop":1771443300130,"duration":0}}]},"9865c878fe4e24f804607c4797a934a4":{"statistic":{"failed":0,"broken":0,"skipped":0,"passed":1,"unknown":0,"total":1},"items":[{"uid":"12313b52b201dd76","reportUrl":"https://ActionsWork1.github.io/PlayDiInjectv3/4/#testresult/12313b52b201dd76","status":"passed","time":{"start":1771441245158,"stop":1771441245160,"duration":2}}]},"6667b7d812a49b1740c8007e5d64abce":{"statistic":{"failed":0,"broken":0,"skipped":0,"passed":1,"unknown":0,"total":1},"items":[{"uid":"5d96c78fca71fca3","reportUrl":"https://ActionsWork1.github.io/PlayDiInjectv3/4/#testresult/5d96c78fca71fca3","status":"passed","time":{"start":1771441244491,"stop":1771441244491,"duration":0}}]},"517e628df56b7e84e01239326e7ecf4c":{"statistic":{"failed":0,"broken":6,"skipped":0,"passed":0,"unknown":0,"total":6},"items":[{"uid":"a3152010677e9dc3","reportUrl":"https://ActionsWork1.github.io/PlayDiInjectv3/11/#testresult/a3152010677e9dc3","status":"broken","statusDetails":"java.io.FileNotFoundException: null\\data1.xlsx (The system cannot find the path specified)","time":{"start":1771427073089,"stop":1771427073090,"duration":1}},{"uid":"ee19c0671205c843","reportUrl":"https://ActionsWork1.github.io/PlayDiInjectv3/4/#testresult/ee19c0671205c843","status":"broken","statusDetails":"java.io.FileNotFoundException: null\\data1.xlsx (The system cannot find the path specified)","time":{"start":1771427073089,"stop":1771427073090,"duration":1}},{"uid":"9184700912db7c36","reportUrl":"https://ActionsWork1.github.io/PlayDiInjectv3/7/#testresult/9184700912db7c36","status":"broken","statusDetails":"java.io.FileNotFoundException: null\\data1.xlsx (The system cannot find the path specified)","time":{"start":1771427073089,"stop":1771427073090,"duration":1}},{"uid":"8b371ab091b26f0e","reportUrl":"https://ActionsWork1.github.io/PlayDiInjectv3/6/#testresult/8b371ab091b26f0e","status":"broken","statusDetails":"java.io.FileNotFoundException: null\\data1.xlsx (The system cannot find the path specified)","time":{"start":1771427073089,"stop":1771427073090,"duration":1}},{"uid":"9f1c1c622059f39f","reportUrl":"https://ActionsWork1.github.io/PlayDiInjectv3/5/#testresult/9f1c1c622059f39f","status":"broken","statusDetails":"java.io.FileNotFoundException: null\\data1.xlsx (The system cannot find the path specified)","time":{"start":1771427073089,"stop":1771427073090,"duration":1}},{"uid":"d9199861de6f8678","reportUrl":"https://ActionsWork1.github.io/PlayDiInjectv3/4/#testresult/d9199861de6f8678","status":"broken","statusDetails":"java.io.FileNotFoundException: null\\data1.xlsx (The system cannot find the path specified)","time":{"start":1771427073089,"stop":1771427073090,"duration":1}}]},"adc96fa1025e627563318ee01698a137":{"statistic":{"failed":0,"broken":0,"skipped":0,"passed":1,"unknown":0,"total":1},"items":[{"uid":"1b74d56c78c0d838","reportUrl":"https://ActionsWork1.github.io/PlayDiInjectv3/11/#testresult/1b74d56c78c0d838","status":"passed","time":{"start":1771445351920,"stop":1771445351922,"duration":2}}]},"c1821dd0ec6654ea11bd242cd7c864a9":{"statistic":{"failed":0,"broken":0,"skipped":0,"passed":1,"unknown":0,"total":1},"items":[{"uid":"b25082d700469b0e","reportUrl":"https://ActionsWork1.github.io/PlayDiInjectv3/6/#testresult/b25082d700469b0e","status":"passed","time":{"start":1771442525466,"stop":1771442525471,"duration":5}}]},"46e01d039bac5be110568b69ab190bae":{"statistic":{"failed":0,"broken":0,"skipped":0,"passed":1,"unknown":0,"total":1},"items":[{"uid":"94a24cb0a2f0cc19","reportUrl":"https://ActionsWork1.github.io/PlayDiInjectv3/6/#testresult/94a24cb0a2f0cc19","status":"passed","time":{"start":1771442525464,"stop":1771442525465,"duration":1}}]},"7588dbaafb333696b93f646af422bbdf":{"statistic":{"failed":0,"broken":0,"skipped":0,"passed":1,"unknown":0,"total":1},"items":[{"uid":"5663f3c0168e0b1b","reportUrl":"https://ActionsWork1.github.io/PlayDiInjectv3/4/#testresult/5663f3c0168e0b1b","status":"passed","time":{"start":1771441244518,"stop":1771441244519,"duration":1}}]},"952324ee8d387b91147590a861a8504e":{"statistic":{"failed":0,"broken":0,"skipped":0,"passed":6,"unknown":0,"total":6},"items":[{"uid":"282d6e048935106e","reportUrl":"https://ActionsWork1.github.io/PlayDiInjectv3/11/#testresult/282d6e048935106e","status":"passed","time":{"start":1771428783686,"stop":1771428791951,"duration":8265}},{"uid":"aa59f7583d7e8fab","reportUrl":"https://ActionsWork1.github.io/PlayDiInjectv3/4/#testresult/aa59f7583d7e8fab","status":"passed","time":{"start":1771428783686,"stop":1771428791951,"duration":8265}},{"uid":"fff332d885e4fad3","reportUrl":"https://ActionsWork1.github.io/PlayDiInjectv3/7/#testresult/fff332d885e4fad3","status":"passed","time":{"start":1771428783686,"stop":1771428791951,"duration":8265}},{"uid":"c0d56031311d0a20","reportUrl":"https://ActionsWork1.github.io/PlayDiInjectv3/6/#testresult/c0d56031311d0a20","status":"passed","time":{"start":1771428783686,"stop":1771428791951,"duration":8265}},{"uid":"fb32b28176e7f4eb","reportUrl":"https://ActionsWork1.github.io/PlayDiInjectv3/5/#testresult/fb32b28176e7f4eb","status":"passed","time":{"start":1771428783686,"stop":1771428791951,"duration":8265}},{"uid":"40782d9c52724341","reportUrl":"https://ActionsWork1.github.io/PlayDiInjectv3/4/#testresult/40782d9c52724341","status":"passed","time":{"start":1771428783686,"stop":1771428791951,"duration":8265}}]},"e6966b16764c311efb2529b55f7e0f57":{"statistic":{"failed":0,"broken":0,"skipped":0,"passed":6,"unknown":0,"total":6},"items":[{"uid":"2a862f160699b75","reportUrl":"https://ActionsWork1.github.io/PlayDiInjectv3/11/#testresult/2a862f160699b75","status":"passed","time":{"start":1771445351775,"stop":1771445351776,"duration":1}},{"uid":"75ad3ab1272a9492","reportUrl":"https://ActionsWork1.github.io/PlayDiInjectv3/4/#testresult/75ad3ab1272a9492","status":"passed","time":{"start":1771428775149,"stop":1771428775150,"duration":1}},{"uid":"d45f12cb821cbb77","reportUrl":"https://ActionsWork1.github.io/PlayDiInjectv3/7/#testresult/d45f12cb821cbb77","status":"passed","time":{"start":1771443300814,"stop":1771443300818,"duration":4}},{"uid":"d0b88c44259e92ef","reportUrl":"https://ActionsWork1.github.io/PlayDiInjectv3/6/#testresult/d0b88c44259e92ef","status":"passed","time":{"start":1771442526165,"stop":1771442526165,"duration":0}},{"uid":"64b68cad742f39de","reportUrl":"https://ActionsWork1.github.io/PlayDiInjectv3/5/#testresult/64b68cad742f39de","status":"passed","time":{"start":1771441894462,"stop":1771441894463,"duration":1}},{"uid":"e32bbeeecce9cf62","reportUrl":"https://ActionsWork1.github.io/PlayDiInjectv3/4/#testresult/e32bbeeecce9cf62","status":"passed","time":{"start":1771441245183,"stop":1771441245183,"duration":0}}]},"363945e90235e3b1ed5410a069007214":{"statistic":{"failed":0,"broken":0,"skipped":0,"passed":1,"unknown":0,"total":1},"items":[{"uid":"ba4ac45d8a685c99","reportUrl":"https://ActionsWork1.github.io/PlayDiInjectv3/7/#testresult/ba4ac45d8a685c99","status":"passed","time":{"start":1771443300142,"stop":1771443300143,"duration":1}}]}}