{"uid":"98d3104e051c652961429bf95fa0b5d6","children":[{"name":"Default Suite","children":[{"name":"PlayDiInjectv3","children":[{"name":"auto01.nonguitests.TestDDT01","children":[{"name":"testMethod","uid":"8b371ab091b26f0e","parentUid":"c0237220877537126384eb95b9591031","status":"broken","time":{"start":1771427073089,"stop":1771427073090,"duration":1},"flaky":false,"newFailed":false,"newPassed":false,"newBroken":false,"retriesCount":3,"retriesStatusChange":false,"parameters":[],"tags":[]}],"uid":"c0237220877537126384eb95b9591031"}],"uid":"692c0e3da09ebe96f15c22fbba585d4e"}],"uid":"8399274b4bb69ec8699907dd6ef7de4e"},{"name":"All Test Suite","children":[{"name":"Non-GUI Data Tests","children":[{"name":"auto01.nonguitests.CRUDJsonTest","children":[{"name":"loginTest","uid":"1a33728c0914c4e0","parentUid":"de2b6a6daf4b33768d7a5b2022a71d1d","status":"passed","time":{"start":1771428037132,"stop":1771428037137,"duration":5},"flaky":false,"newFailed":false,"newPassed":false,"newBroken":false,"retriesCount":0,"retriesStatusChange":false,"parameters":["pojo_data.TestDataObjects@348553c5"],"tags":[]},{"name":"loginTest","uid":"b3d383bfdaaf4ca1","parentUid":"de2b6a6daf4b33768d7a5b2022a71d1d","status":"passed","time":{"start":1771428037256,"stop":1771428037256,"duration":0},"flaky":false,"newFailed":false,"newPassed":false,"newBroken":false,"retriesCount":0,"retriesStatusChange":false,"parameters":["pojo_data.TestDataObjects@236dfcb1"],"tags":[]},{"name":"loginTest","uid":"9fda9145f829dc61","parentUid":"de2b6a6daf4b33768d7a5b2022a71d1d","status":"passed","time":{"start":1771428037267,"stop":1771428037267,"duration":0},"flaky":false,"newFailed":false,"newPassed":false,"newBroken":false,"retriesCount":0,"retriesStatusChange":false,"parameters":["pojo_data.TestDataObjects@1c87959e"],"tags":[]},{"name":"loginTest","uid":"61bb5f9b7e3504e1","parentUid":"de2b6a6daf4b33768d7a5b2022a71d1d","status":"passed","time":{"start":1771428037270,"stop":1771428037271,"duration":1},"flaky":false,"newFailed":false,"newPassed":false,"newBroken":false,"retriesCount":0,"retriesStatusChange":false,"parameters":["pojo_data.TestDataObjects@702b1c04"],"tags":[]},{"name":"loginTest","uid":"3049ffac59dfc58f","parentUid":"de2b6a6daf4b33768d7a5b2022a71d1d","status":"passed","time":{"start":1771428037275,"stop":1771428037276,"duration":1},"flaky":false,"newFailed":false,"newPassed":false,"newBroken":false,"retriesCount":0,"retriesStatusChange":false,"parameters":["pojo_data.TestDataObjects@1ea9a01e"],"tags":[]},{"name":"loginTest","uid":"3daf36246623d5d5","parentUid":"de2b6a6daf4b33768d7a5b2022a71d1d","status":"passed","time":{"start":1771428483848,"stop":1771428483852,"duration":4},"flaky":false,"newFailed":false,"newPassed":false,"newBroken":false,"retriesCount":0,"retriesStatusChange":false,"parameters":["pojo_data.TestDataObjects@26821f30"],"tags":[]},{"name":"loginTest","uid":"40691edf9ba5a8ed","parentUid":"de2b6a6daf4b33768d7a5b2022a71d1d","status":"passed","time":{"start":1771428483965,"stop":1771428483965,"duration":0},"flaky":false,"newFailed":false,"newPassed":false,"newBroken":false,"retriesCount":0,"retriesStatusChange":false,"parameters":["pojo_data.TestDataObjects@3cc5b17b"],"tags":[]},{"name":"loginTest","uid":"faa07dd1bd345658","parentUid":"de2b6a6daf4b33768d7a5b2022a71d1d","status":"passed","time":{"start":1771428483968,"stop":1771428483969,"duration":1},"flaky":false,"newFailed":false,"newPassed":false,"newBroken":false,"retriesCount":0,"retriesStatusChange":false,"parameters":["pojo_data.TestDataObjects@2ab9debf"],"tags":[]},{"name":"loginTest","uid":"4cfe68842e8ea6a0","parentUid":"de2b6a6daf4b33768d7a5b2022a71d1d","status":"passed","time":{"start":1771428483971,"stop":1771428483972,"duration":1},"flaky":false,"newFailed":false,"newPassed":false,"newBroken":false,"retriesCount":0,"retriesStatusChange":false,"parameters":["pojo_data.TestDataObjects@521f9a5b"],"tags":[]},{"name":"loginTest","uid":"958b29ed21c8b07c","parentUid":"de2b6a6daf4b33768d7a5b2022a71d1d","status":"passed","time":{"start":1771428483974,"stop":1771428483975,"duration":1},"flaky":false,"newFailed":false,"newPassed":false,"newBroken":false,"retriesCount":0,"retriesStatusChange":false,"parameters":["pojo_data.TestDataObjects@103b494"],"tags":[]},{"name":"loginTest","uid":"c49cd86c453dd58","parentUid":"de2b6a6daf4b33768d7a5b2022a71d1d","status":"passed","time":{"start":1771428774738,"stop":1771428774742,"duration":4},"flaky":false,"newFailed":false,"newPassed":false,"newBroken":false,"retriesCount":0,"retriesStatusChange":false,"parameters":["pojo_data.TestDataObjects@70d89432"],"tags":[]},{"name":"loginTest","uid":"28e37528c9706d38","parentUid":"de2b6a6daf4b33768d7a5b2022a71d1d","status":"passed","time":{"start":1771428774862,"stop":1771428774863,"duration":1},"flaky":false,"newFailed":false,"newPassed":false,"newBroken":false,"retriesCount":0,"retriesStatusChange":false,"parameters":["pojo_data.TestDataObjects@664bcb65"],"tags":[]},{"name":"loginTest","uid":"2158daf082ea7671","parentUid":"de2b6a6daf4b33768d7a5b2022a71d1d","status":"passed","time":{"start":1771428774867,"stop":1771428774868,"duration":1},"flaky":false,"newFailed":false,"newPassed":false,"newBroken":false,"retriesCount":0,"retriesStatusChange":false,"parameters":["pojo_data.TestDataObjects@354fb195"],"tags":[]},{"name":"loginTest","uid":"1685dbdfd90bf326","parentUid":"de2b6a6daf4b33768d7a5b2022a71d1d","status":"passed","time":{"start":1771428774871,"stop":1771428774871,"duration":0},"flaky":false,"newFailed":false,"newPassed":false,"newBroken":false,"retriesCount":0,"retriesStatusChange":false,"parameters":["pojo_data.TestDataObjects@723d6328"],"tags":[]},{"name":"loginTest","uid":"85352f9ef942098c","parentUid":"de2b6a6daf4b33768d7a5b2022a71d1d","status":"passed","time":{"start":1771428774873,"stop":1771428774874,"duration":1},"flaky":false,"newFailed":false,"newPassed":false,"newBroken":false,"retriesCount":0,"retriesStatusChange":false,"parameters":["pojo_data.TestDataObjects@736bcbdc"],"tags":[]},{"name":"loginTest","uid":"dd0d4195d06e64c5","parentUid":"de2b6a6daf4b33768d7a5b2022a71d1d","status":"passed","time":{"start":1771442525152,"stop":1771442525178,"duration":26},"flaky":false,"newFailed":false,"newPassed":false,"newBroken":false,"retriesCount":0,"retriesStatusChange":false,"parameters":["pojo_data.TestDataObjects@18a530cb"],"tags":[]},{"name":"loginTest","uid":"eb367ae5c4df3e17","parentUid":"de2b6a6daf4b33768d7a5b2022a71d1d","status":"passed","time":{"start":1771442525397,"stop":1771442525403,"duration":6},"flaky":false,"newFailed":false,"newPassed":false,"newBroken":false,"retriesCount":0,"retriesStatusChange":false,"parameters":["pojo_data.TestDataObjects@3946a0da"],"tags":[]},{"name":"loginTest","uid":"466b2530148f6f78","parentUid":"de2b6a6daf4b33768d7a5b2022a71d1d","status":"passed","time":{"start":1771442525455,"stop":1771442525456,"duration":1},"flaky":false,"newFailed":false,"newPassed":false,"newBroken":false,"retriesCount":0,"retriesStatusChange":false,"parameters":["pojo_data.TestDataObjects@b7282e9"],"tags":[]},{"name":"loginTest","uid":"94a24cb0a2f0cc19","parentUid":"de2b6a6daf4b33768d7a5b2022a71d1d","status":"passed","time":{"start":1771442525464,"stop":1771442525465,"duration":1},"flaky":false,"newFailed":false,"newPassed":false,"newBroken":false,"retriesCount":0,"retriesStatusChange":false,"parameters":["pojo_data.TestDataObjects@390c776f"],"tags":[]},{"name":"loginTest","uid":"b25082d700469b0e","parentUid":"de2b6a6daf4b33768d7a5b2022a71d1d","status":"passed","time":{"start":1771442525466,"stop":1771442525471,"duration":5},"flaky":false,"newFailed":false,"newPassed":false,"newBroken":false,"retriesCount":0,"retriesStatusChange":false,"parameters":["pojo_data.TestDataObjects@5b163a54"],"tags":[]},{"name":"testCRUDJson","uid":"766c54097fee9b1d","parentUid":"de2b6a6daf4b33768d7a5b2022a71d1d","status":"passed","time":{"start":1771442525481,"stop":1771442525571,"duration":90},"flaky":false,"newFailed":false,"newPassed":false,"newBroken":false,"retriesCount":3,"retriesStatusChange":false,"parameters":[],"tags":[]}],"uid":"de2b6a6daf4b33768d7a5b2022a71d1d"},{"name":"auto01.nonguitests.TestDataFaker","children":[{"name":"testRegister","uid":"7fdffb14d655b35","parentUid":"19b75db1eee9c00810fd4527d010cf40","status":"passed","time":{"start":1771428037422,"stop":1771428037423,"duration":1},"flaky":false,"newFailed":false,"newPassed":false,"newBroken":false,"retriesCount":0,"retriesStatusChange":false,"parameters":["pojo_data.User@3254b3e6"],"tags":[]},{"name":"testRegister","uid":"a72021fcf8674236","parentUid":"19b75db1eee9c00810fd4527d010cf40","status":"passed","time":{"start":1771428037426,"stop":1771428037426,"duration":0},"flaky":false,"newFailed":false,"newPassed":false,"newBroken":false,"retriesCount":0,"retriesStatusChange":false,"parameters":["pojo_data.User@74369067"],"tags":[]},{"name":"testRegister","uid":"e65410294a0afc85","parentUid":"19b75db1eee9c00810fd4527d010cf40","status":"passed","time":{"start":1771428484062,"stop":1771428484062,"duration":0},"flaky":false,"newFailed":false,"newPassed":false,"newBroken":false,"retriesCount":0,"retriesStatusChange":false,"parameters":["pojo_data.User@400d5223"],"tags":[]},{"name":"testRegister","uid":"565d69f26f8fccf9","parentUid":"19b75db1eee9c00810fd4527d010cf40","status":"passed","time":{"start":1771428484064,"stop":1771428484065,"duration":1},"flaky":false,"newFailed":false,"newPassed":false,"newBroken":false,"retriesCount":0,"retriesStatusChange":false,"parameters":["pojo_data.User@9222f52"],"tags":[]},{"name":"testRegister","uid":"aec9678263d86914","parentUid":"19b75db1eee9c00810fd4527d010cf40","status":"passed","time":{"start":1771428774901,"stop":1771428774903,"duration":2},"flaky":false,"newFailed":false,"newPassed":false,"newBroken":false,"retriesCount":0,"retriesStatusChange":false,"parameters":["pojo_data.User@2fc52ab9"],"tags":[]},{"name":"testRegister","uid":"ad5b759d139c272f","parentUid":"19b75db1eee9c00810fd4527d010cf40","status":"passed","time":{"start":1771428774905,"stop":1771428774906,"duration":1},"flaky":false,"newFailed":false,"newPassed":false,"newBroken":false,"retriesCount":0,"retriesStatusChange":false,"parameters":["pojo_data.User@4bfd034a"],"tags":[]},{"name":"testRegister","uid":"af2306512e5b65da","parentUid":"19b75db1eee9c00810fd4527d010cf40","status":"passed","time":{"start":1771442526347,"stop":1771442526348,"duration":1},"flaky":false,"newFailed":false,"newPassed":false,"newBroken":false,"retriesCount":0,"retriesStatusChange":false,"parameters":["pojo_data.User@bb647a3"],"tags":[]},{"name":"testRegister","uid":"4928e40a9e78b92e","parentUid":"19b75db1eee9c00810fd4527d010cf40","status":"passed","time":{"start":1771442526350,"stop":1771442526350,"duration":0},"flaky":false,"newFailed":false,"newPassed":false,"newBroken":false,"retriesCount":0,"retriesStatusChange":false,"parameters":["pojo_data.User@515d7f5d"],"tags":[]}],"uid":"19b75db1eee9c00810fd4527d010cf40"},{"name":"auto01.nonguitests.TestDDT01","children":[{"name":"testMethod","uid":"6e7a8fd0cb87addb","parentUid":"df53f77c5d68e1cb9c223d08d7ee4e63","status":"passed","time":{"start":1771442526155,"stop":1771442526157,"duration":2},"flaky":false,"newFailed":false,"newPassed":false,"newBroken":false,"retriesCount":10,"retriesStatusChange":false,"parameters":["{TestID=TC001, Field2=BB1, Field3=CC1, Field1=AA1}"],"tags":[]},{"name":"testMethod","uid":"febc6312e1305b7e","parentUid":"df53f77c5d68e1cb9c223d08d7ee4e63","status":"passed","time":{"start":1771442526160,"stop":1771442526160,"duration":0},"flaky":false,"newFailed":false,"newPassed":false,"newBroken":false,"retriesCount":10,"retriesStatusChange":false,"parameters":["{TestID=TC002, Field2=BB2, Field3=CC2, Field1=AA2}"],"tags":[]},{"name":"testMethod","uid":"d0b88c44259e92ef","parentUid":"df53f77c5d68e1cb9c223d08d7ee4e63","status":"passed","time":{"start":1771442526165,"stop":1771442526165,"duration":0},"flaky":false,"newFailed":false,"newPassed":false,"newBroken":false,"retriesCount":10,"retriesStatusChange":false,"parameters":["{TestID=TC003, Field2=BB3, Field3=CC3, Field1=AA3}"],"tags":[]}],"uid":"df53f77c5d68e1cb9c223d08d7ee4e63"}],"uid":"de4d257c4c6b68841e28b6591c082764"},{"name":"Ui Data-Driven Test","children":[{"name":"auto01.uitests1.LoginTest1","children":[{"name":"nonGUITest","uid":"c0d56031311d0a20","parentUid":"cbaac5ae731726dbd4d157be4c87579d","status":"passed","time":{"start":1771428783686,"stop":1771428791951,"duration":8265},"flaky":false,"newFailed":false,"newPassed":false,"newBroken":false,"retriesCount":6,"retriesStatusChange":false,"parameters":[],"tags":[]},{"name":"loginSmokeTest","uid":"9730407e1c18efee","parentUid":"cbaac5ae731726dbd4d157be4c87579d","status":"passed","time":{"start":1771442524076,"stop":1771442527230,"duration":3154},"flaky":false,"newFailed":false,"newPassed":false,"newBroken":false,"retriesCount":7,"retriesStatusChange":true,"parameters":[],"tags":[]},{"name":"EmployeePageTest","uid":"25ed41018e1c26a8","parentUid":"cbaac5ae731726dbd4d157be4c87579d","status":"passed","time":{"start":1771442527241,"stop":1771442533586,"duration":6345},"flaky":false,"newFailed":false,"newPassed":false,"newBroken":false,"retriesCount":0,"retriesStatusChange":false,"parameters":[],"tags":[]}],"uid":"cbaac5ae731726dbd4d157be4c87579d"}],"uid":"8391f8846e3e013a4192cdff3cf594f7"},{"name":"Non Lazy Page Initialization Tests","children":[{"name":"auto01.uitests2.LoginTest2","children":[{"name":"nonGUITest","uid":"3ae2e1ef679bc27d","parentUid":"e7e7a96db5a96e9d14f37b31b9c8a71a","status":"passed","time":{"start":1771428784000,"stop":1771428791979,"duration":7979},"flaky":false,"newFailed":false,"newPassed":false,"newBroken":false,"retriesCount":6,"retriesStatusChange":false,"parameters":[],"tags":[]},{"name":"loginSmokeTest","uid":"c0a1b229de7b9c15","parentUid":"e7e7a96db5a96e9d14f37b31b9c8a71a","status":"passed","time":{"start":1771442524068,"stop":1771442527791,"duration":3723},"flaky":false,"newFailed":false,"newPassed":false,"newBroken":false,"retriesCount":7,"retriesStatusChange":true,"parameters":[],"tags":[]},{"name":"EmployeePageTest","uid":"7b96f512538d78e8","parentUid":"e7e7a96db5a96e9d14f37b31b9c8a71a","status":"passed","time":{"start":1771442527794,"stop":1771442533684,"duration":5890},"flaky":false,"newFailed":false,"newPassed":false,"newBroken":false,"retriesCount":0,"retriesStatusChange":false,"parameters":[],"tags":[]},{"name":"AdminPageTest","uid":"a05927fe65665d93","parentUid":"e7e7a96db5a96e9d14f37b31b9c8a71a","status":"passed","time":{"start":1771442533686,"stop":1771442539504,"duration":5818},"flaky":false,"newFailed":false,"newPassed":false,"newBroken":false,"retriesCount":0,"retriesStatusChange":false,"parameters":[],"tags":[]}],"uid":"e7e7a96db5a96e9d14f37b31b9c8a71a"}],"uid":"195102d65af21acfe4e177ef0a2b17d0"}],"uid":"7d0421919ebcae780c955830177c9415"}],"name":"suites"}