{"uid":"ab17fc5a4eb3bca4b216b548c7f9fcbc","children":[{"name":"DESKTOP-E82BV1F","children":[{"name":"2632@DESKTOP-E82BV1F.main(1)","children":[{"name":"testMethod","uid":"d042472ab2a24eed","parentUid":"31241cad58ce4cd037ec371fcfe803e0","status":"passed","time":{"start":1771425662997,"stop":1771425663001,"duration":4},"flaky":false,"newFailed":false,"newPassed":false,"newBroken":false,"retriesCount":0,"retriesStatusChange":false,"parameters":["{TestID=TC001, Field2=BB1, Field3=CC1, Field1=AA1}"],"tags":[]},{"name":"testMethod","uid":"3538ff4d7e5ea30e","parentUid":"31241cad58ce4cd037ec371fcfe803e0","status":"passed","time":{"start":1771425663062,"stop":1771425663062,"duration":0},"flaky":false,"newFailed":false,"newPassed":false,"newBroken":false,"retriesCount":0,"retriesStatusChange":false,"parameters":["{TestID=TC002, Field2=BB2, Field3=CC2, Field1=AA2}"],"tags":[]},{"name":"testMethod","uid":"66dc51e3169a1f8a","parentUid":"31241cad58ce4cd037ec371fcfe803e0","status":"passed","time":{"start":1771425663065,"stop":1771425663066,"duration":1},"flaky":false,"newFailed":false,"newPassed":false,"newBroken":false,"retriesCount":0,"retriesStatusChange":false,"parameters":["{TestID=TC003, Field2=BB3, Field3=CC3, Field1=AA3}"],"tags":[]}],"uid":"31241cad58ce4cd037ec371fcfe803e0"},{"name":"23092@DESKTOP-E82BV1F.main(1)","children":[{"name":"testMethod","uid":"186907880a27024c","parentUid":"a1561d9555cc1c57484d6d9d10f95b24","status":"passed","time":{"start":1771426201055,"stop":1771426201056,"duration":1},"flaky":false,"newFailed":false,"newPassed":false,"newBroken":false,"retriesCount":0,"retriesStatusChange":false,"parameters":["{TestID=TC002, Field2=BB2, Field3=CC2, Field1=AA2}"],"tags":[]},{"name":"testMethod","uid":"bd241c86b93a6159","parentUid":"a1561d9555cc1c57484d6d9d10f95b24","status":"passed","time":{"start":1771426201058,"stop":1771426201059,"duration":1},"flaky":false,"newFailed":false,"newPassed":false,"newBroken":false,"retriesCount":0,"retriesStatusChange":false,"parameters":["{TestID=TC003, Field2=BB3, Field3=CC3, Field1=AA3}"],"tags":[]},{"name":"testMethod","uid":"d8bd191663212749","parentUid":"a1561d9555cc1c57484d6d9d10f95b24","status":"passed","time":{"start":1771426200982,"stop":1771426200987,"duration":5},"flaky":false,"newFailed":false,"newPassed":false,"newBroken":false,"retriesCount":0,"retriesStatusChange":false,"parameters":["{TestID=TC001, Field2=BB1, Field3=CC1, Field1=AA1}"],"tags":[]}],"uid":"a1561d9555cc1c57484d6d9d10f95b24"},{"name":"28280@DESKTOP-E82BV1F.TestNG-test-Non-GUI Data Tests-3(49)","children":[{"name":"testMethod","uid":"dce7782a2628c569","parentUid":"cce5df90eeb8b1557963dea972677878","status":"passed","time":{"start":1771428484224,"stop":1771428484224,"duration":0},"flaky":false,"newFailed":false,"newPassed":false,"newBroken":false,"retriesCount":0,"retriesStatusChange":false,"parameters":["{TestID=TC001, Field2=BB1, Field3=CC1, Field1=AA1}"],"tags":[]},{"name":"testMethod","uid":"90287acf737701e5","parentUid":"cce5df90eeb8b1557963dea972677878","status":"passed","time":{"start":1771428484227,"stop":1771428484228,"duration":1},"flaky":false,"newFailed":false,"newPassed":false,"newBroken":false,"retriesCount":0,"retriesStatusChange":false,"parameters":["{TestID=TC002, Field2=BB2, Field3=CC2, Field1=AA2}"],"tags":[]},{"name":"testMethod","uid":"665e7ccc97955b65","parentUid":"cce5df90eeb8b1557963dea972677878","status":"passed","time":{"start":1771428484231,"stop":1771428484231,"duration":0},"flaky":false,"newFailed":false,"newPassed":false,"newBroken":false,"retriesCount":0,"retriesStatusChange":false,"parameters":["{TestID=TC003, Field2=BB3, Field3=CC3, Field1=AA3}"],"tags":[]}],"uid":"cce5df90eeb8b1557963dea972677878"},{"name":"21488@DESKTOP-E82BV1F.TestNG-tests-2(43)","children":[{"name":"loginSmokeTest","uid":"1b6a2edb1a85a299","parentUid":"0129b2383a0357eba4b10b65ab283223","status":"passed","time":{"start":1771422608663,"stop":1771422616860,"duration":8197},"flaky":false,"newFailed":false,"newPassed":false,"newBroken":false,"retriesCount":0,"retriesStatusChange":false,"parameters":[],"tags":[]},{"name":"nonGUITest","uid":"dd0031db08d59b47","parentUid":"0129b2383a0357eba4b10b65ab283223","status":"passed","time":{"start":1771422616950,"stop":1771422624504,"duration":7554},"flaky":false,"newFailed":false,"newPassed":false,"newBroken":false,"retriesCount":0,"retriesStatusChange":false,"parameters":[],"tags":[]}],"uid":"0129b2383a0357eba4b10b65ab283223"},{"name":"21488@DESKTOP-E82BV1F.TestNG-tests-1(42)","children":[{"name":"loginSmokeTest","uid":"1ae578ddd5e7b190","parentUid":"b501eb6fd08689a6a8d6047871f77fc7","status":"passed","time":{"start":1771422608664,"stop":1771422616907,"duration":8243},"flaky":false,"newFailed":false,"newPassed":false,"newBroken":false,"retriesCount":0,"retriesStatusChange":false,"parameters":[],"tags":[]},{"name":"nonGUITest","uid":"f969b1c4dfc5743d","parentUid":"b501eb6fd08689a6a8d6047871f77fc7","status":"passed","time":{"start":1771422616950,"stop":1771422624783,"duration":7833},"flaky":false,"newFailed":false,"newPassed":false,"newBroken":false,"retriesCount":0,"retriesStatusChange":false,"parameters":[],"tags":[]}],"uid":"b501eb6fd08689a6a8d6047871f77fc7"},{"name":"1012@DESKTOP-E82BV1F.main(1)","children":[{"name":"testMethod","uid":"7f4a0f29a1714bc6","parentUid":"51d2623fa11a875787fcfc4255fbdc5a","status":"passed","time":{"start":1771426270158,"stop":1771426270159,"duration":1},"flaky":false,"newFailed":false,"newPassed":false,"newBroken":false,"retriesCount":0,"retriesStatusChange":false,"parameters":["{TestID=TC002, Field2=BB2, Field3=CC2, Field1=AA2}"],"tags":[]},{"name":"testMethod","uid":"8d32e6ad2ffffa1f","parentUid":"51d2623fa11a875787fcfc4255fbdc5a","status":"passed","time":{"start":1771426270162,"stop":1771426270162,"duration":0},"flaky":false,"newFailed":false,"newPassed":false,"newBroken":false,"retriesCount":0,"retriesStatusChange":false,"parameters":["{TestID=TC003, Field2=BB3, Field3=CC3, Field1=AA3}"],"tags":[]},{"name":"testMethod","uid":"9a62f32ed3a5b7a6","parentUid":"51d2623fa11a875787fcfc4255fbdc5a","status":"passed","time":{"start":1771426270095,"stop":1771426270100,"duration":5},"flaky":false,"newFailed":false,"newPassed":false,"newBroken":false,"retriesCount":0,"retriesStatusChange":false,"parameters":["{TestID=TC001, Field2=BB1, Field3=CC1, Field1=AA1}"],"tags":[]}],"uid":"51d2623fa11a875787fcfc4255fbdc5a"},{"name":"20988@DESKTOP-E82BV1F.TestNG-tests-1(44)","children":[{"name":"nonGUITest","uid":"c0d56031311d0a20","parentUid":"fdefe93fd2d5451301c6f9f46eaa8c30","status":"passed","time":{"start":1771428783686,"stop":1771428791951,"duration":8265},"flaky":false,"newFailed":false,"newPassed":false,"newBroken":false,"retriesCount":6,"retriesStatusChange":false,"parameters":[],"tags":[]},{"name":"loginSmokeTest","uid":"d0f55c4adad55a5d","parentUid":"fdefe93fd2d5451301c6f9f46eaa8c30","status":"passed","time":{"start":1771428774154,"stop":1771428783678,"duration":9524},"flaky":false,"newFailed":false,"newPassed":false,"newBroken":false,"retriesCount":0,"retriesStatusChange":false,"parameters":[],"tags":[]}],"uid":"fdefe93fd2d5451301c6f9f46eaa8c30"},{"name":"25348@DESKTOP-E82BV1F.main(1)","children":[{"name":"testMethod","uid":"9262f78db20a1bcb","parentUid":"c4b63b154c4c04c10790b92296c0e812","status":"passed","time":{"start":1771426697729,"stop":1771426697736,"duration":7},"flaky":false,"newFailed":false,"newPassed":false,"newBroken":false,"retriesCount":0,"retriesStatusChange":false,"parameters":["{TestID=TC001, Field2=BB1, Field3=CC1, Field1=AA1}"],"tags":[]},{"name":"testMethod","uid":"7fa88d28d541a992","parentUid":"c4b63b154c4c04c10790b92296c0e812","status":"passed","time":{"start":1771426697807,"stop":1771426697807,"duration":0},"flaky":false,"newFailed":false,"newPassed":false,"newBroken":false,"retriesCount":0,"retriesStatusChange":false,"parameters":["{TestID=TC002, Field2=BB2, Field3=CC2, Field1=AA2}"],"tags":[]},{"name":"testMethod","uid":"34ca5458c066ca65","parentUid":"c4b63b154c4c04c10790b92296c0e812","status":"passed","time":{"start":1771426697810,"stop":1771426697810,"duration":0},"flaky":false,"newFailed":false,"newPassed":false,"newBroken":false,"retriesCount":0,"retriesStatusChange":false,"parameters":["{TestID=TC003, Field2=BB3, Field3=CC3, Field1=AA3}"],"tags":[]}],"uid":"c4b63b154c4c04c10790b92296c0e812"},{"name":"18264@DESKTOP-E82BV1F.TestNG-test-Non-GUI Data Tests-1(47)","children":[{"name":"loginTest","uid":"61bb5f9b7e3504e1","parentUid":"6a3f614171703df206f567bc3553f9be","status":"passed","time":{"start":1771428037270,"stop":1771428037271,"duration":1},"flaky":false,"newFailed":false,"newPassed":false,"newBroken":false,"retriesCount":0,"retriesStatusChange":false,"parameters":["pojo_data.TestDataObjects@702b1c04"],"tags":[]},{"name":"loginTest","uid":"b3d383bfdaaf4ca1","parentUid":"6a3f614171703df206f567bc3553f9be","status":"passed","time":{"start":1771428037256,"stop":1771428037256,"duration":0},"flaky":false,"newFailed":false,"newPassed":false,"newBroken":false,"retriesCount":0,"retriesStatusChange":false,"parameters":["pojo_data.TestDataObjects@236dfcb1"],"tags":[]},{"name":"testCRUDJson","uid":"198ad668560ad475","parentUid":"6a3f614171703df206f567bc3553f9be","status":"passed","time":{"start":1771428037280,"stop":1771428037366,"duration":86},"flaky":false,"newFailed":false,"newPassed":false,"newBroken":false,"retriesCount":0,"retriesStatusChange":false,"parameters":[],"tags":[]},{"name":"loginTest","uid":"1a33728c0914c4e0","parentUid":"6a3f614171703df206f567bc3553f9be","status":"passed","time":{"start":1771428037132,"stop":1771428037137,"duration":5},"flaky":false,"newFailed":false,"newPassed":false,"newBroken":false,"retriesCount":0,"retriesStatusChange":false,"parameters":["pojo_data.TestDataObjects@348553c5"],"tags":[]},{"name":"loginTest","uid":"9fda9145f829dc61","parentUid":"6a3f614171703df206f567bc3553f9be","status":"passed","time":{"start":1771428037267,"stop":1771428037267,"duration":0},"flaky":false,"newFailed":false,"newPassed":false,"newBroken":false,"retriesCount":0,"retriesStatusChange":false,"parameters":["pojo_data.TestDataObjects@1c87959e"],"tags":[]},{"name":"loginTest","uid":"3049ffac59dfc58f","parentUid":"6a3f614171703df206f567bc3553f9be","status":"passed","time":{"start":1771428037275,"stop":1771428037276,"duration":1},"flaky":false,"newFailed":false,"newPassed":false,"newBroken":false,"retriesCount":0,"retriesStatusChange":false,"parameters":["pojo_data.TestDataObjects@1ea9a01e"],"tags":[]}],"uid":"6a3f614171703df206f567bc3553f9be"},{"name":"26744@DESKTOP-E82BV1F.TestNG-tests-1(42)","children":[{"name":"loginSmokeTest","uid":"35f927f53b70effb","parentUid":"b2a422194d5c35b67b24b7df4e109928","status":"broken","time":{"start":1771420494428,"stop":1771420595692,"duration":101264},"flaky":false,"newFailed":false,"newPassed":false,"newBroken":false,"retriesCount":0,"retriesStatusChange":false,"parameters":[],"tags":[]},{"name":"nonGUITest","uid":"cab5a762c75c308f","parentUid":"b2a422194d5c35b67b24b7df4e109928","status":"passed","time":{"start":1771420595699,"stop":1771420611262,"duration":15563},"flaky":false,"newFailed":false,"newPassed":false,"newBroken":false,"retriesCount":0,"retriesStatusChange":false,"parameters":[],"tags":[]}],"uid":"b2a422194d5c35b67b24b7df4e109928"},{"name":"28280@DESKTOP-E82BV1F.TestNG-tests-2(45)","children":[{"name":"loginSmokeTest","uid":"e3e347c053bedbaf","parentUid":"05fd6f8b882e496a8d8385d5cdf9a61b","status":"passed","time":{"start":1771428483213,"stop":1771428491457,"duration":8244},"flaky":false,"newFailed":false,"newPassed":false,"newBroken":false,"retriesCount":0,"retriesStatusChange":false,"parameters":[],"tags":[]},{"name":"nonGUITest","uid":"fbfcbd54e2bf1abf","parentUid":"05fd6f8b882e496a8d8385d5cdf9a61b","status":"passed","time":{"start":1771428491466,"stop":1771428498290,"duration":6824},"flaky":false,"newFailed":false,"newPassed":false,"newBroken":false,"retriesCount":0,"retriesStatusChange":false,"parameters":[],"tags":[]}],"uid":"05fd6f8b882e496a8d8385d5cdf9a61b"},{"name":"14696@DESKTOP-E82BV1F.TestNG-tests-2(43)","children":[{"name":"loginSmokeTest","uid":"726c55601f0252d3","parentUid":"36655cf06422c988cbde26b4cfa6a23d","status":"passed","time":{"start":1771420664674,"stop":1771420676934,"duration":12260},"flaky":false,"newFailed":false,"newPassed":false,"newBroken":false,"retriesCount":0,"retriesStatusChange":false,"parameters":[],"tags":[]},{"name":"nonGUITest","uid":"b5a4ccf4f3540904","parentUid":"36655cf06422c988cbde26b4cfa6a23d","status":"passed","time":{"start":1771420676939,"stop":1771420689153,"duration":12214},"flaky":false,"newFailed":false,"newPassed":false,"newBroken":false,"retriesCount":0,"retriesStatusChange":false,"parameters":[],"tags":[]}],"uid":"36655cf06422c988cbde26b4cfa6a23d"},{"name":"7928@DESKTOP-E82BV1F.TestNG-tests-1(42)","children":[{"name":"loginSmokeTest","uid":"32a6ca688886aba7","parentUid":"c625c5f2b3a3bb711803e5e390e2137e","status":"passed","time":{"start":1771422171501,"stop":1771422179208,"duration":7707},"flaky":false,"newFailed":false,"newPassed":false,"newBroken":false,"retriesCount":0,"retriesStatusChange":false,"parameters":[],"tags":[]},{"name":"nonGUITest","uid":"251ca8e52ca41a74","parentUid":"c625c5f2b3a3bb711803e5e390e2137e","status":"passed","time":{"start":1771422179283,"stop":1771422186629,"duration":7346},"flaky":false,"newFailed":false,"newPassed":false,"newBroken":false,"retriesCount":0,"retriesStatusChange":false,"parameters":[],"tags":[]}],"uid":"c625c5f2b3a3bb711803e5e390e2137e"},{"name":"27608@DESKTOP-E82BV1F.main(1)","children":[{"name":"testMethod","uid":"4960aaa9271c2e5e","parentUid":"3e728544c61cd68afe0baafb97a60448","status":"passed","time":{"start":1771426057107,"stop":1771426057108,"duration":1},"flaky":false,"newFailed":false,"newPassed":false,"newBroken":false,"retriesCount":0,"retriesStatusChange":false,"parameters":["{TestID=TC002, Field2=BB2, Field3=CC2, Field1=AA2}"],"tags":[]},{"name":"testMethod","uid":"b7a5fd2ad688fdd8","parentUid":"3e728544c61cd68afe0baafb97a60448","status":"passed","time":{"start":1771426057037,"stop":1771426057043,"duration":6},"flaky":false,"newFailed":false,"newPassed":false,"newBroken":false,"retriesCount":0,"retriesStatusChange":false,"parameters":["{TestID=TC001, Field2=BB1, Field3=CC1, Field1=AA1}"],"tags":[]},{"name":"testMethod","uid":"841ea375e2b4a745","parentUid":"3e728544c61cd68afe0baafb97a60448","status":"passed","time":{"start":1771426057110,"stop":1771426057111,"duration":1},"flaky":false,"newFailed":false,"newPassed":false,"newBroken":false,"retriesCount":0,"retriesStatusChange":false,"parameters":["{TestID=TC003, Field2=BB3, Field3=CC3, Field1=AA3}"],"tags":[]}],"uid":"3e728544c61cd68afe0baafb97a60448"},{"name":"20988@DESKTOP-E82BV1F.TestNG-test-Non-GUI Data Tests-1(47)","children":[{"name":"loginTest","uid":"85352f9ef942098c","parentUid":"1352eeaa16f4786770ce58e9a4e5f314","status":"passed","time":{"start":1771428774873,"stop":1771428774874,"duration":1},"flaky":false,"newFailed":false,"newPassed":false,"newBroken":false,"retriesCount":0,"retriesStatusChange":false,"parameters":["pojo_data.TestDataObjects@736bcbdc"],"tags":[]},{"name":"testCRUDJson","uid":"ce21fd84862ea2e3","parentUid":"1352eeaa16f4786770ce58e9a4e5f314","status":"passed","time":{"start":1771428774879,"stop":1771428774938,"duration":59},"flaky":false,"newFailed":false,"newPassed":false,"newBroken":false,"retriesCount":0,"retriesStatusChange":false,"parameters":[],"tags":[]},{"name":"loginTest","uid":"28e37528c9706d38","parentUid":"1352eeaa16f4786770ce58e9a4e5f314","status":"passed","time":{"start":1771428774862,"stop":1771428774863,"duration":1},"flaky":false,"newFailed":false,"newPassed":false,"newBroken":false,"retriesCount":0,"retriesStatusChange":false,"parameters":["pojo_data.TestDataObjects@664bcb65"],"tags":[]},{"name":"loginTest","uid":"c49cd86c453dd58","parentUid":"1352eeaa16f4786770ce58e9a4e5f314","status":"passed","time":{"start":1771428774738,"stop":1771428774742,"duration":4},"flaky":false,"newFailed":false,"newPassed":false,"newBroken":false,"retriesCount":0,"retriesStatusChange":false,"parameters":["pojo_data.TestDataObjects@70d89432"],"tags":[]},{"name":"loginTest","uid":"1685dbdfd90bf326","parentUid":"1352eeaa16f4786770ce58e9a4e5f314","status":"passed","time":{"start":1771428774871,"stop":1771428774871,"duration":0},"flaky":false,"newFailed":false,"newPassed":false,"newBroken":false,"retriesCount":0,"retriesStatusChange":false,"parameters":["pojo_data.TestDataObjects@723d6328"],"tags":[]},{"name":"loginTest","uid":"2158daf082ea7671","parentUid":"1352eeaa16f4786770ce58e9a4e5f314","status":"passed","time":{"start":1771428774867,"stop":1771428774868,"duration":1},"flaky":false,"newFailed":false,"newPassed":false,"newBroken":false,"retriesCount":0,"retriesStatusChange":false,"parameters":["pojo_data.TestDataObjects@354fb195"],"tags":[]}],"uid":"1352eeaa16f4786770ce58e9a4e5f314"},{"name":"20324@DESKTOP-E82BV1F.main(1)","children":[{"name":"testMethod","uid":"200f7130fe2f7f19","parentUid":"349f948e2b0e092ed6ab29fd98c6a75a","status":"passed","time":{"start":1771426780829,"stop":1771426780829,"duration":0},"flaky":false,"newFailed":false,"newPassed":false,"newBroken":false,"retriesCount":0,"retriesStatusChange":false,"parameters":["{TestID=TC003, Field2=BB3, Field3=CC3, Field1=AA3}"],"tags":[]},{"name":"testMethod","uid":"30b18b594de5b75e","parentUid":"349f948e2b0e092ed6ab29fd98c6a75a","status":"passed","time":{"start":1771426780825,"stop":1771426780825,"duration":0},"flaky":false,"newFailed":false,"newPassed":false,"newBroken":false,"retriesCount":0,"retriesStatusChange":false,"parameters":["{TestID=TC002, Field2=BB2, Field3=CC2, Field1=AA2}"],"tags":[]},{"name":"testMethod","uid":"a12657ddccaad3fe","parentUid":"349f948e2b0e092ed6ab29fd98c6a75a","status":"passed","time":{"start":1771426780752,"stop":1771426780757,"duration":5},"flaky":false,"newFailed":false,"newPassed":false,"newBroken":false,"retriesCount":0,"retriesStatusChange":false,"parameters":["{TestID=TC001, Field2=BB1, Field3=CC1, Field1=AA1}"],"tags":[]}],"uid":"349f948e2b0e092ed6ab29fd98c6a75a"},{"name":"27956@DESKTOP-E82BV1F.main(1)","children":[{"name":"testMethod","uid":"ceea3aefec820b3e","parentUid":"b587d0090af898aee823d3744070d5f7","status":"broken","time":{"start":1771426756246,"stop":1771426756248,"duration":2},"flaky":false,"newFailed":false,"newPassed":false,"newBroken":false,"retriesCount":0,"retriesStatusChange":false,"parameters":[],"tags":[]}],"uid":"b587d0090af898aee823d3744070d5f7"},{"name":"27764@DESKTOP-E82BV1F.main(1)","children":[{"name":"testMethod","uid":"19edd4fe2b2837a","parentUid":"67a3e834de959d4e9e7cbd9f57dd623f","status":"broken","time":{"start":1771425593776,"stop":1771425593777,"duration":1},"flaky":false,"newFailed":false,"newPassed":false,"newBroken":false,"retriesCount":0,"retriesStatusChange":false,"parameters":[],"tags":[]}],"uid":"67a3e834de959d4e9e7cbd9f57dd623f"},{"name":"28280@DESKTOP-E82BV1F.TestNG-test-Non-GUI Data Tests-2(48)","children":[{"name":"testRegister","uid":"e65410294a0afc85","parentUid":"b591639c74d74b83395e017fd28a7f46","status":"passed","time":{"start":1771428484062,"stop":1771428484062,"duration":0},"flaky":false,"newFailed":false,"newPassed":false,"newBroken":false,"retriesCount":0,"retriesStatusChange":false,"parameters":["pojo_data.User@400d5223"],"tags":[]},{"name":"testRegister","uid":"565d69f26f8fccf9","parentUid":"b591639c74d74b83395e017fd28a7f46","status":"passed","time":{"start":1771428484064,"stop":1771428484065,"duration":1},"flaky":false,"newFailed":false,"newPassed":false,"newBroken":false,"retriesCount":0,"retriesStatusChange":false,"parameters":["pojo_data.User@9222f52"],"tags":[]}],"uid":"b591639c74d74b83395e017fd28a7f46"},{"name":"14696@DESKTOP-E82BV1F.TestNG-tests-1(42)","children":[{"name":"loginSmokeTest","uid":"226cf4bdf8d38cbd","parentUid":"0edaec74f72cfedfb092b45fd54c4c2c","status":"passed","time":{"start":1771420664674,"stop":1771420675741,"duration":11067},"flaky":false,"newFailed":false,"newPassed":false,"newBroken":false,"retriesCount":0,"retriesStatusChange":false,"parameters":[],"tags":[]},{"name":"nonGUITest","uid":"f90b8aedb0a3cc3d","parentUid":"0edaec74f72cfedfb092b45fd54c4c2c","status":"passed","time":{"start":1771420675819,"stop":1771420689681,"duration":13862},"flaky":false,"newFailed":false,"newPassed":false,"newBroken":false,"retriesCount":0,"retriesStatusChange":false,"parameters":[],"tags":[]}],"uid":"0edaec74f72cfedfb092b45fd54c4c2c"},{"name":"20988@DESKTOP-E82BV1F.TestNG-test-Non-GUI Data Tests-3(49)","children":[{"name":"testMethod","uid":"e9bc2fb92f1a44eb","parentUid":"70259ffd76b77882a4dbf4e0f2d7d2f2","status":"passed","time":{"start":1771428775142,"stop":1771428775143,"duration":1},"flaky":false,"newFailed":false,"newPassed":false,"newBroken":false,"retriesCount":0,"retriesStatusChange":false,"parameters":["{TestID=TC001, Field2=BB1, Field3=CC1, Field1=AA1}"],"tags":[]},{"name":"testMethod","uid":"2dc5d5268b0d44b","parentUid":"70259ffd76b77882a4dbf4e0f2d7d2f2","status":"passed","time":{"start":1771428775149,"stop":1771428775150,"duration":1},"flaky":false,"newFailed":false,"newPassed":false,"newBroken":false,"retriesCount":0,"retriesStatusChange":false,"parameters":["{TestID=TC003, Field2=BB3, Field3=CC3, Field1=AA3}"],"tags":[]},{"name":"testMethod","uid":"c09d113689a40db2","parentUid":"70259ffd76b77882a4dbf4e0f2d7d2f2","status":"passed","time":{"start":1771428775147,"stop":1771428775147,"duration":0},"flaky":false,"newFailed":false,"newPassed":false,"newBroken":false,"retriesCount":0,"retriesStatusChange":false,"parameters":["{TestID=TC002, Field2=BB2, Field3=CC2, Field1=AA2}"],"tags":[]}],"uid":"70259ffd76b77882a4dbf4e0f2d7d2f2"},{"name":"28280@DESKTOP-E82BV1F.TestNG-test-Non-GUI Data Tests-1(47)","children":[{"name":"loginTest","uid":"40691edf9ba5a8ed","parentUid":"0a1a60b1422b5e42e36f628a03717e83","status":"passed","time":{"start":1771428483965,"stop":1771428483965,"duration":0},"flaky":false,"newFailed":false,"newPassed":false,"newBroken":false,"retriesCount":0,"retriesStatusChange":false,"parameters":["pojo_data.TestDataObjects@3cc5b17b"],"tags":[]},{"name":"loginTest","uid":"4cfe68842e8ea6a0","parentUid":"0a1a60b1422b5e42e36f628a03717e83","status":"passed","time":{"start":1771428483971,"stop":1771428483972,"duration":1},"flaky":false,"newFailed":false,"newPassed":false,"newBroken":false,"retriesCount":0,"retriesStatusChange":false,"parameters":["pojo_data.TestDataObjects@521f9a5b"],"tags":[]},{"name":"loginTest","uid":"958b29ed21c8b07c","parentUid":"0a1a60b1422b5e42e36f628a03717e83","status":"passed","time":{"start":1771428483974,"stop":1771428483975,"duration":1},"flaky":false,"newFailed":false,"newPassed":false,"newBroken":false,"retriesCount":0,"retriesStatusChange":false,"parameters":["pojo_data.TestDataObjects@103b494"],"tags":[]},{"name":"loginTest","uid":"3daf36246623d5d5","parentUid":"0a1a60b1422b5e42e36f628a03717e83","status":"passed","time":{"start":1771428483848,"stop":1771428483852,"duration":4},"flaky":false,"newFailed":false,"newPassed":false,"newBroken":false,"retriesCount":0,"retriesStatusChange":false,"parameters":["pojo_data.TestDataObjects@26821f30"],"tags":[]},{"name":"loginTest","uid":"faa07dd1bd345658","parentUid":"0a1a60b1422b5e42e36f628a03717e83","status":"passed","time":{"start":1771428483968,"stop":1771428483969,"duration":1},"flaky":false,"newFailed":false,"newPassed":false,"newBroken":false,"retriesCount":0,"retriesStatusChange":false,"parameters":["pojo_data.TestDataObjects@2ab9debf"],"tags":[]},{"name":"testCRUDJson","uid":"be2092f90cc1c526","parentUid":"0a1a60b1422b5e42e36f628a03717e83","status":"passed","time":{"start":1771428483979,"stop":1771428484039,"duration":60},"flaky":false,"newFailed":false,"newPassed":false,"newBroken":false,"retriesCount":0,"retriesStatusChange":false,"parameters":[],"tags":[]}],"uid":"0a1a60b1422b5e42e36f628a03717e83"},{"name":"19172@DESKTOP-E82BV1F.main(1)","children":[{"name":"testMethod","uid":"8b371ab091b26f0e","parentUid":"fe90f316be48c165d5a174e75864796c","status":"broken","time":{"start":1771427073089,"stop":1771427073090,"duration":1},"flaky":false,"newFailed":false,"newPassed":false,"newBroken":false,"retriesCount":3,"retriesStatusChange":false,"parameters":[],"tags":[]}],"uid":"fe90f316be48c165d5a174e75864796c"},{"name":"18264@DESKTOP-E82BV1F.TestNG-tests-1(44)","children":[{"name":"nonGUITest","uid":"aefbd543e3241537","parentUid":"cd8fccbccb192960b231dedd1a6ea64e","status":"passed","time":{"start":1771428049647,"stop":1771428056687,"duration":7040},"flaky":false,"newFailed":false,"newPassed":false,"newBroken":false,"retriesCount":0,"retriesStatusChange":false,"parameters":[],"tags":[]},{"name":"loginSmokeTest","uid":"6c67f33b472ca269","parentUid":"cd8fccbccb192960b231dedd1a6ea64e","status":"passed","time":{"start":1771428036508,"stop":1771428049639,"duration":13131},"flaky":false,"newFailed":false,"newPassed":false,"newBroken":false,"retriesCount":0,"retriesStatusChange":false,"parameters":[],"tags":[]}],"uid":"cd8fccbccb192960b231dedd1a6ea64e"},{"name":"18264@DESKTOP-E82BV1F.TestNG-tests-2(45)","children":[{"name":"loginSmokeTest","uid":"26ffb5e0e571bd70","parentUid":"e380a8fbb589c4fc6a10051d1f140984","status":"passed","time":{"start":1771428036508,"stop":1771428045338,"duration":8830},"flaky":false,"newFailed":false,"newPassed":false,"newBroken":false,"retriesCount":0,"retriesStatusChange":false,"parameters":[],"tags":[]},{"name":"nonGUITest","uid":"31f4cf8c43c197e6","parentUid":"e380a8fbb589c4fc6a10051d1f140984","status":"passed","time":{"start":1771428045343,"stop":1771428053825,"duration":8482},"flaky":false,"newFailed":false,"newPassed":false,"newBroken":false,"retriesCount":0,"retriesStatusChange":false,"parameters":[],"tags":[]}],"uid":"e380a8fbb589c4fc6a10051d1f140984"},{"name":"28280@DESKTOP-E82BV1F.TestNG-tests-1(44)","children":[{"name":"loginSmokeTest","uid":"6d8f15d7bc04ff6d","parentUid":"610cab3346f1d1d2d50d780b12920f50","status":"passed","time":{"start":1771428483214,"stop":1771428490799,"duration":7585},"flaky":false,"newFailed":false,"newPassed":false,"newBroken":false,"retriesCount":0,"retriesStatusChange":false,"parameters":[],"tags":[]},{"name":"nonGUITest","uid":"ff813da8f41b39f8","parentUid":"610cab3346f1d1d2d50d780b12920f50","status":"passed","time":{"start":1771428490807,"stop":1771428497657,"duration":6850},"flaky":false,"newFailed":false,"newPassed":false,"newBroken":false,"retriesCount":0,"retriesStatusChange":false,"parameters":[],"tags":[]}],"uid":"610cab3346f1d1d2d50d780b12920f50"},{"name":"20988@DESKTOP-E82BV1F.TestNG-test-Non-GUI Data Tests-2(48)","children":[{"name":"testRegister","uid":"aec9678263d86914","parentUid":"32496fa09b7731dd63eb8184569616cb","status":"passed","time":{"start":1771428774901,"stop":1771428774903,"duration":2},"flaky":false,"newFailed":false,"newPassed":false,"newBroken":false,"retriesCount":0,"retriesStatusChange":false,"parameters":["pojo_data.User@2fc52ab9"],"tags":[]},{"name":"testRegister","uid":"ad5b759d139c272f","parentUid":"32496fa09b7731dd63eb8184569616cb","status":"passed","time":{"start":1771428774905,"stop":1771428774906,"duration":1},"flaky":false,"newFailed":false,"newPassed":false,"newBroken":false,"retriesCount":0,"retriesStatusChange":false,"parameters":["pojo_data.User@4bfd034a"],"tags":[]}],"uid":"32496fa09b7731dd63eb8184569616cb"},{"name":"20988@DESKTOP-E82BV1F.TestNG-tests-2(45)","children":[{"name":"loginSmokeTest","uid":"693407cd0486fc27","parentUid":"75773f3797b1e66a537b24891b525b35","status":"passed","time":{"start":1771428774152,"stop":1771428783998,"duration":9846},"flaky":false,"newFailed":false,"newPassed":false,"newBroken":false,"retriesCount":0,"retriesStatusChange":false,"parameters":[],"tags":[]},{"name":"nonGUITest","uid":"3ae2e1ef679bc27d","parentUid":"75773f3797b1e66a537b24891b525b35","status":"passed","time":{"start":1771428784000,"stop":1771428791979,"duration":7979},"flaky":false,"newFailed":false,"newPassed":false,"newBroken":false,"retriesCount":6,"retriesStatusChange":false,"parameters":[],"tags":[]}],"uid":"75773f3797b1e66a537b24891b525b35"},{"name":"15908@DESKTOP-E82BV1F.main(1)","children":[{"name":"testMethod","uid":"3f0b6874f8228081","parentUid":"684a935b1b8c53119ec2409e1c060aef","status":"passed","time":{"start":1771426654126,"stop":1771426654131,"duration":5},"flaky":false,"newFailed":false,"newPassed":false,"newBroken":false,"retriesCount":0,"retriesStatusChange":false,"parameters":["{TestID=TC001, Field2=BB1, Field3=CC1, Field1=AA1}"],"tags":[]},{"name":"testMethod","uid":"55c42e4eb7d1c788","parentUid":"684a935b1b8c53119ec2409e1c060aef","status":"passed","time":{"start":1771426654206,"stop":1771426654206,"duration":0},"flaky":false,"newFailed":false,"newPassed":false,"newBroken":false,"retriesCount":0,"retriesStatusChange":false,"parameters":["{TestID=TC003, Field2=BB3, Field3=CC3, Field1=AA3}"],"tags":[]},{"name":"testMethod","uid":"fb90ecb903ebdddd","parentUid":"684a935b1b8c53119ec2409e1c060aef","status":"passed","time":{"start":1771426654203,"stop":1771426654203,"duration":0},"flaky":false,"newFailed":false,"newPassed":false,"newBroken":false,"retriesCount":0,"retriesStatusChange":false,"parameters":["{TestID=TC002, Field2=BB2, Field3=CC2, Field1=AA2}"],"tags":[]}],"uid":"684a935b1b8c53119ec2409e1c060aef"},{"name":"6500@DESKTOP-E82BV1F.main(1)","children":[{"name":"testMethod","uid":"77bb39608f04c4db","parentUid":"8288e5276398912a57909a98614fbf43","status":"broken","time":{"start":1771426910922,"stop":1771426910924,"duration":2},"flaky":false,"newFailed":false,"newPassed":false,"newBroken":false,"retriesCount":0,"retriesStatusChange":false,"parameters":[],"tags":[]}],"uid":"8288e5276398912a57909a98614fbf43"},{"name":"26744@DESKTOP-E82BV1F.TestNG-tests-2(43)","children":[{"name":"nonGUITest","uid":"8fa22607a1fa6b1b","parentUid":"389750c7c8923899add572ba672a1cfb","status":"passed","time":{"start":1771420583788,"stop":1771420608600,"duration":24812},"flaky":false,"newFailed":false,"newPassed":false,"newBroken":false,"retriesCount":0,"retriesStatusChange":false,"parameters":[],"tags":[]},{"name":"loginSmokeTest","uid":"3278fc064fb78555","parentUid":"389750c7c8923899add572ba672a1cfb","status":"broken","time":{"start":1771420494428,"stop":1771420583720,"duration":89292},"flaky":false,"newFailed":false,"newPassed":false,"newBroken":false,"retriesCount":0,"retriesStatusChange":false,"parameters":[],"tags":[]}],"uid":"389750c7c8923899add572ba672a1cfb"},{"name":"18264@DESKTOP-E82BV1F.TestNG-test-Non-GUI Data Tests-2(48)","children":[{"name":"testRegister","uid":"a72021fcf8674236","parentUid":"86cd1f59f9da77b5fb516573deab316a","status":"passed","time":{"start":1771428037426,"stop":1771428037426,"duration":0},"flaky":false,"newFailed":false,"newPassed":false,"newBroken":false,"retriesCount":0,"retriesStatusChange":false,"parameters":["pojo_data.User@74369067"],"tags":[]},{"name":"testRegister","uid":"7fdffb14d655b35","parentUid":"86cd1f59f9da77b5fb516573deab316a","status":"passed","time":{"start":1771428037422,"stop":1771428037423,"duration":1},"flaky":false,"newFailed":false,"newPassed":false,"newBroken":false,"retriesCount":0,"retriesStatusChange":false,"parameters":["pojo_data.User@3254b3e6"],"tags":[]}],"uid":"86cd1f59f9da77b5fb516573deab316a"},{"name":"18264@DESKTOP-E82BV1F.TestNG-test-Non-GUI Data Tests-3(49)","children":[{"name":"testMethod","uid":"96fee72d01949371","parentUid":"35c2c228c871fcc8e397feb37d47a6aa","status":"passed","time":{"start":1771428037597,"stop":1771428037598,"duration":1},"flaky":false,"newFailed":false,"newPassed":false,"newBroken":false,"retriesCount":0,"retriesStatusChange":false,"parameters":["{TestID=TC001, Field2=BB1, Field3=CC1, Field1=AA1}"],"tags":[]},{"name":"testMethod","uid":"d2865882910355a7","parentUid":"35c2c228c871fcc8e397feb37d47a6aa","status":"passed","time":{"start":1771428037603,"stop":1771428037603,"duration":0},"flaky":false,"newFailed":false,"newPassed":false,"newBroken":false,"retriesCount":0,"retriesStatusChange":false,"parameters":["{TestID=TC003, Field2=BB3, Field3=CC3, Field1=AA3}"],"tags":[]},{"name":"testMethod","uid":"c0fdfc071b1a7914","parentUid":"35c2c228c871fcc8e397feb37d47a6aa","status":"passed","time":{"start":1771428037600,"stop":1771428037600,"duration":0},"flaky":false,"newFailed":false,"newPassed":false,"newBroken":false,"retriesCount":0,"retriesStatusChange":false,"parameters":["{TestID=TC002, Field2=BB2, Field3=CC2, Field1=AA2}"],"tags":[]}],"uid":"35c2c228c871fcc8e397feb37d47a6aa"},{"name":"7928@DESKTOP-E82BV1F.TestNG-tests-2(43)","children":[{"name":"nonGUITest","uid":"1294e79b1c5d1a99","parentUid":"e24c50f6a6506f982206097780d9fafd","status":"passed","time":{"start":1771422179283,"stop":1771422186506,"duration":7223},"flaky":false,"newFailed":false,"newPassed":false,"newBroken":false,"retriesCount":0,"retriesStatusChange":false,"parameters":[],"tags":[]},{"name":"loginSmokeTest","uid":"685d710e0feaaa7d","parentUid":"e24c50f6a6506f982206097780d9fafd","status":"passed","time":{"start":1771422171499,"stop":1771422179223,"duration":7724},"flaky":false,"newFailed":false,"newPassed":false,"newBroken":false,"retriesCount":0,"retriesStatusChange":false,"parameters":[],"tags":[]}],"uid":"e24c50f6a6506f982206097780d9fafd"}],"uid":"da9cee808eb409733d0077db7388047a"},{"name":"runnervmjduv7","children":[{"name":"2690@runnervmjduv7.TestNG-test-Non-GUI Data Tests-2(39)","children":[{"name":"testRegister","uid":"4928e40a9e78b92e","parentUid":"4be8df4616aa6c815a0455a1609eba5e","status":"passed","time":{"start":1771442526350,"stop":1771442526350,"duration":0},"flaky":false,"newFailed":false,"newPassed":false,"newBroken":false,"retriesCount":0,"retriesStatusChange":false,"parameters":["pojo_data.User@515d7f5d"],"tags":[]},{"name":"testRegister","uid":"af2306512e5b65da","parentUid":"4be8df4616aa6c815a0455a1609eba5e","status":"passed","time":{"start":1771442526347,"stop":1771442526348,"duration":1},"flaky":false,"newFailed":false,"newPassed":false,"newBroken":false,"retriesCount":0,"retriesStatusChange":false,"parameters":["pojo_data.User@bb647a3"],"tags":[]}],"uid":"4be8df4616aa6c815a0455a1609eba5e"},{"name":"2690@runnervmjduv7.TestNG-tests-1(35)","children":[{"name":"loginSmokeTest","uid":"9730407e1c18efee","parentUid":"f8004896c378719057efe4eb24428b73","status":"passed","time":{"start":1771442524076,"stop":1771442527230,"duration":3154},"flaky":false,"newFailed":false,"newPassed":false,"newBroken":false,"retriesCount":7,"retriesStatusChange":true,"parameters":[],"tags":[]},{"name":"EmployeePageTest","uid":"25ed41018e1c26a8","parentUid":"f8004896c378719057efe4eb24428b73","status":"passed","time":{"start":1771442527241,"stop":1771442533586,"duration":6345},"flaky":false,"newFailed":false,"newPassed":false,"newBroken":false,"retriesCount":0,"retriesStatusChange":false,"parameters":[],"tags":[]}],"uid":"f8004896c378719057efe4eb24428b73"},{"name":"2690@runnervmjduv7.TestNG-test-Non-GUI Data Tests-1(38)","children":[{"name":"testCRUDJson","uid":"766c54097fee9b1d","parentUid":"1a687f8c1451fbbccce1bbb891b3e622","status":"passed","time":{"start":1771442525481,"stop":1771442525571,"duration":90},"flaky":false,"newFailed":false,"newPassed":false,"newBroken":false,"retriesCount":3,"retriesStatusChange":false,"parameters":[],"tags":[]},{"name":"loginTest","uid":"466b2530148f6f78","parentUid":"1a687f8c1451fbbccce1bbb891b3e622","status":"passed","time":{"start":1771442525455,"stop":1771442525456,"duration":1},"flaky":false,"newFailed":false,"newPassed":false,"newBroken":false,"retriesCount":0,"retriesStatusChange":false,"parameters":["pojo_data.TestDataObjects@b7282e9"],"tags":[]},{"name":"loginTest","uid":"b25082d700469b0e","parentUid":"1a687f8c1451fbbccce1bbb891b3e622","status":"passed","time":{"start":1771442525466,"stop":1771442525471,"duration":5},"flaky":false,"newFailed":false,"newPassed":false,"newBroken":false,"retriesCount":0,"retriesStatusChange":false,"parameters":["pojo_data.TestDataObjects@5b163a54"],"tags":[]},{"name":"loginTest","uid":"eb367ae5c4df3e17","parentUid":"1a687f8c1451fbbccce1bbb891b3e622","status":"passed","time":{"start":1771442525397,"stop":1771442525403,"duration":6},"flaky":false,"newFailed":false,"newPassed":false,"newBroken":false,"retriesCount":0,"retriesStatusChange":false,"parameters":["pojo_data.TestDataObjects@3946a0da"],"tags":[]},{"name":"loginTest","uid":"dd0d4195d06e64c5","parentUid":"1a687f8c1451fbbccce1bbb891b3e622","status":"passed","time":{"start":1771442525152,"stop":1771442525178,"duration":26},"flaky":false,"newFailed":false,"newPassed":false,"newBroken":false,"retriesCount":0,"retriesStatusChange":false,"parameters":["pojo_data.TestDataObjects@18a530cb"],"tags":[]},{"name":"loginTest","uid":"94a24cb0a2f0cc19","parentUid":"1a687f8c1451fbbccce1bbb891b3e622","status":"passed","time":{"start":1771442525464,"stop":1771442525465,"duration":1},"flaky":false,"newFailed":false,"newPassed":false,"newBroken":false,"retriesCount":0,"retriesStatusChange":false,"parameters":["pojo_data.TestDataObjects@390c776f"],"tags":[]}],"uid":"1a687f8c1451fbbccce1bbb891b3e622"},{"name":"2690@runnervmjduv7.TestNG-test-Non-GUI Data Tests-3(40)","children":[{"name":"testMethod","uid":"febc6312e1305b7e","parentUid":"9e21911c75f16505267454328ec5dadc","status":"passed","time":{"start":1771442526160,"stop":1771442526160,"duration":0},"flaky":false,"newFailed":false,"newPassed":false,"newBroken":false,"retriesCount":10,"retriesStatusChange":false,"parameters":["{TestID=TC002, Field2=BB2, Field3=CC2, Field1=AA2}"],"tags":[]},{"name":"testMethod","uid":"d0b88c44259e92ef","parentUid":"9e21911c75f16505267454328ec5dadc","status":"passed","time":{"start":1771442526165,"stop":1771442526165,"duration":0},"flaky":false,"newFailed":false,"newPassed":false,"newBroken":false,"retriesCount":10,"retriesStatusChange":false,"parameters":["{TestID=TC003, Field2=BB3, Field3=CC3, Field1=AA3}"],"tags":[]},{"name":"testMethod","uid":"6e7a8fd0cb87addb","parentUid":"9e21911c75f16505267454328ec5dadc","status":"passed","time":{"start":1771442526155,"stop":1771442526157,"duration":2},"flaky":false,"newFailed":false,"newPassed":false,"newBroken":false,"retriesCount":10,"retriesStatusChange":false,"parameters":["{TestID=TC001, Field2=BB1, Field3=CC1, Field1=AA1}"],"tags":[]}],"uid":"9e21911c75f16505267454328ec5dadc"},{"name":"2690@runnervmjduv7.TestNG-tests-2(36)","children":[{"name":"AdminPageTest","uid":"a05927fe65665d93","parentUid":"8c18210f2ac91394d36b12a2e5da9171","status":"passed","time":{"start":1771442533686,"stop":1771442539504,"duration":5818},"flaky":false,"newFailed":false,"newPassed":false,"newBroken":false,"retriesCount":0,"retriesStatusChange":false,"parameters":[],"tags":[]},{"name":"EmployeePageTest","uid":"7b96f512538d78e8","parentUid":"8c18210f2ac91394d36b12a2e5da9171","status":"passed","time":{"start":1771442527794,"stop":1771442533684,"duration":5890},"flaky":false,"newFailed":false,"newPassed":false,"newBroken":false,"retriesCount":0,"retriesStatusChange":false,"parameters":[],"tags":[]},{"name":"loginSmokeTest","uid":"c0a1b229de7b9c15","parentUid":"8c18210f2ac91394d36b12a2e5da9171","status":"passed","time":{"start":1771442524068,"stop":1771442527791,"duration":3723},"flaky":false,"newFailed":false,"newPassed":false,"newBroken":false,"retriesCount":7,"retriesStatusChange":true,"parameters":[],"tags":[]}],"uid":"8c18210f2ac91394d36b12a2e5da9171"}],"uid":"62f24e2767a2ba5dc6f7813aac246f6e"}],"name":"timeline"}