[{"uid":"69b317e25173393c","name":"testMethod","time":{"start":1771441894458,"stop":1771441894459,"duration":1},"status":"passed","severity":"normal"},{"uid":"9f1c1c622059f39f","name":"testMethod","time":{"start":1771427073089,"stop":1771427073090,"duration":1},"status":"broken","severity":"normal"},{"uid":"2ed72494ea9a7576","name":"loginTest","time":{"start":1771428483971,"stop":1771428483972,"duration":1},"status":"passed","severity":"normal"},{"uid":"801977f672e663d7","name":"testCRUDJson","time":{"start":1771441893777,"stop":1771441893888,"duration":111},"status":"passed","severity":"normal"},{"uid":"ab52b712a0bdf7f9","name":"loginTest","time":{"start":1771428774871,"stop":1771428774871,"duration":0},"status":"passed","severity":"normal"},{"uid":"f6ca633b16c1f713","name":"testRegister","time":{"start":1771428484062,"stop":1771428484062,"duration":0},"status":"passed","severity":"normal"},{"uid":"ee93848e57ac1fc7","name":"loginTest","time":{"start":1771428774867,"stop":1771428774868,"duration":1},"status":"passed","severity":"normal"},{"uid":"f8a800a77cf89635","name":"EmployeePageTest","time":{"start":1771441896347,"stop":1771441902707,"duration":6360},"status":"passed","severity":"normal"},{"uid":"7b831b4254b8db55","name":"testRegister","time":{"start":1771441894268,"stop":1771441894273,"duration":5},"status":"passed","severity":"normal"},{"uid":"fb32b28176e7f4eb","name":"nonGUITest","time":{"start":1771428783686,"stop":1771428791951,"duration":8265},"status":"passed","severity":"normal"},{"uid":"4b15013f7b787f51","name":"loginTest","time":{"start":1771428037275,"stop":1771428037276,"duration":1},"status":"passed","severity":"normal"},{"uid":"c1af69246ad7c316","name":"loginTest","time":{"start":1771428774873,"stop":1771428774874,"duration":1},"status":"passed","severity":"normal"},{"uid":"93f66f24d36513ac","name":"loginTest","time":{"start":1771428774862,"stop":1771428774863,"duration":1},"status":"passed","severity":"normal"},{"uid":"2e8ca904af1f4fd6","name":"loginTest","time":{"start":1771428037270,"stop":1771428037271,"duration":1},"status":"passed","severity":"normal"},{"uid":"56cc9adbd6fd7f55","name":"loginSmokeTest","time":{"start":1771441892104,"stop":1771441896334,"duration":4230},"status":"passed","severity":"normal"},{"uid":"ec164d6056c9f273","name":"loginTest","time":{"start":1771428037267,"stop":1771428037267,"duration":0},"status":"passed","severity":"normal"},{"uid":"d310565e8c18742d","name":"testRegister","time":{"start":1771428037426,"stop":1771428037426,"duration":0},"status":"passed","severity":"normal"},{"uid":"85323fab9fcc69df","name":"loginTest","time":{"start":1771428483974,"stop":1771428483975,"duration":1},"status":"passed","severity":"normal"},{"uid":"20fa36c738a8b13c","name":"testRegister","time":{"start":1771428774905,"stop":1771428774906,"duration":1},"status":"passed","severity":"normal"},{"uid":"2f9b8e3bf0b902de","name":"loginTest","time":{"start":1771441893754,"stop":1771441893755,"duration":1},"status":"passed","severity":"normal"},{"uid":"b28d3cbba59d702b","name":"loginTest","time":{"start":1771441893415,"stop":1771441893426,"duration":11},"status":"passed","severity":"normal"},{"uid":"fe6e5f386887a56a","name":"loginTest","time":{"start":1771441893744,"stop":1771441893748,"duration":4},"status":"passed","severity":"normal"},{"uid":"eb63dbe05b81f1ba","name":"loginTest","time":{"start":1771441893767,"stop":1771441893767,"duration":0},"status":"passed","severity":"normal"},{"uid":"50245b3c13e5c44d","name":"EmployeePageTest","time":{"start":1771441896347,"stop":1771441902672,"duration":6325},"status":"passed","severity":"normal"},{"uid":"1ea7423aaa30532a","name":"testMethod","time":{"start":1771441894460,"stop":1771441894461,"duration":1},"status":"passed","severity":"normal"},{"uid":"525b50f1e1cf369d","name":"loginTest","time":{"start":1771428037132,"stop":1771428037137,"duration":5},"status":"passed","severity":"normal"},{"uid":"c5d37d186ae4ab7d","name":"testRegister","time":{"start":1771441894287,"stop":1771441894287,"duration":0},"status":"passed","severity":"normal"},{"uid":"d0a505831ffd5797","name":"testRegister","time":{"start":1771428484064,"stop":1771428484065,"duration":1},"status":"passed","severity":"normal"},{"uid":"e234d0d7941d16c1","name":"loginTest","time":{"start":1771428483968,"stop":1771428483969,"duration":1},"status":"passed","severity":"normal"},{"uid":"6f74f3f44cb54a7b","name":"loginTest","time":{"start":1771428774738,"stop":1771428774742,"duration":4},"status":"passed","severity":"normal"},{"uid":"520c57207a9f882e","name":"loginTest","time":{"start":1771441893732,"stop":1771441893736,"duration":4},"status":"passed","severity":"normal"},{"uid":"39efd9f1ecb03bc0","name":"testRegister","time":{"start":1771428774901,"stop":1771428774903,"duration":2},"status":"passed","severity":"normal"},{"uid":"d820303d376435ba","name":"loginTest","time":{"start":1771428483965,"stop":1771428483965,"duration":0},"status":"passed","severity":"normal"},{"uid":"64b68cad742f39de","name":"testMethod","time":{"start":1771441894462,"stop":1771441894463,"duration":1},"status":"passed","severity":"normal"},{"uid":"ae64f5abeb381dd6","name":"nonGUITest","time":{"start":1771428784000,"stop":1771428791979,"duration":7979},"status":"passed","severity":"normal"},{"uid":"dce89c31ffe346c2","name":"testRegister","time":{"start":1771428037422,"stop":1771428037423,"duration":1},"status":"passed","severity":"normal"},{"uid":"86a4f70719ae783b","name":"loginTest","time":{"start":1771428483848,"stop":1771428483852,"duration":4},"status":"passed","severity":"normal"},{"uid":"ac5ce7af37981ccb","name":"loginTest","time":{"start":1771428037256,"stop":1771428037256,"duration":0},"status":"passed","severity":"normal"},{"uid":"9213934e6c7baff","name":"loginSmokeTest","time":{"start":1771441892107,"stop":1771441896332,"duration":4225},"status":"passed","severity":"critical"},{"uid":"b69fbc6775245905","name":"AdminPageTest","time":{"start":1771441902675,"stop":1771441908514,"duration":5839},"status":"passed","severity":"normal"}]