{"uid":"ab17fc5a4eb3bca4b216b548c7f9fcbc","children":[{"name":"runnervmjduv7","children":[{"name":"3528@runnervmjduv7.TestNG-tests-2(36)","children":[{"name":"EmployeePageTest","uid":"50245b3c13e5c44d","parentUid":"d0c32dc5a6487c4122137d88d35401a3","status":"passed","time":{"start":1771441896347,"stop":1771441902672,"duration":6325},"flaky":false,"newFailed":false,"newPassed":false,"newBroken":false,"retriesCount":0,"retriesStatusChange":false,"parameters":[],"tags":[]},{"name":"loginSmokeTest","uid":"56cc9adbd6fd7f55","parentUid":"d0c32dc5a6487c4122137d88d35401a3","status":"passed","time":{"start":1771441892104,"stop":1771441896334,"duration":4230},"flaky":false,"newFailed":false,"newPassed":false,"newBroken":false,"retriesCount":7,"retriesStatusChange":true,"parameters":[],"tags":[]},{"name":"AdminPageTest","uid":"b69fbc6775245905","parentUid":"d0c32dc5a6487c4122137d88d35401a3","status":"passed","time":{"start":1771441902675,"stop":1771441908514,"duration":5839},"flaky":false,"newFailed":false,"newPassed":false,"newBroken":false,"retriesCount":0,"retriesStatusChange":false,"parameters":[],"tags":[]}],"uid":"d0c32dc5a6487c4122137d88d35401a3"},{"name":"3528@runnervmjduv7.TestNG-test-Non-GUI Data Tests-3(40)","children":[{"name":"testMethod","uid":"69b317e25173393c","parentUid":"75b3f6e94c0e02905e57d5372e855b32","status":"passed","time":{"start":1771441894458,"stop":1771441894459,"duration":1},"flaky":false,"newFailed":false,"newPassed":false,"newBroken":false,"retriesCount":10,"retriesStatusChange":false,"parameters":["{TestID=TC001, Field2=BB1, Field3=CC1, Field1=AA1}"],"tags":[]},{"name":"testMethod","uid":"1ea7423aaa30532a","parentUid":"75b3f6e94c0e02905e57d5372e855b32","status":"passed","time":{"start":1771441894460,"stop":1771441894461,"duration":1},"flaky":false,"newFailed":false,"newPassed":false,"newBroken":false,"retriesCount":10,"retriesStatusChange":false,"parameters":["{TestID=TC002, Field2=BB2, Field3=CC2, Field1=AA2}"],"tags":[]},{"name":"testMethod","uid":"64b68cad742f39de","parentUid":"75b3f6e94c0e02905e57d5372e855b32","status":"passed","time":{"start":1771441894462,"stop":1771441894463,"duration":1},"flaky":false,"newFailed":false,"newPassed":false,"newBroken":false,"retriesCount":10,"retriesStatusChange":false,"parameters":["{TestID=TC003, Field2=BB3, Field3=CC3, Field1=AA3}"],"tags":[]}],"uid":"75b3f6e94c0e02905e57d5372e855b32"},{"name":"3528@runnervmjduv7.TestNG-test-Non-GUI Data Tests-2(39)","children":[{"name":"testRegister","uid":"7b831b4254b8db55","parentUid":"70b0907bc7a993ee559a91847bee887c","status":"passed","time":{"start":1771441894268,"stop":1771441894273,"duration":5},"flaky":false,"newFailed":false,"newPassed":false,"newBroken":false,"retriesCount":0,"retriesStatusChange":false,"parameters":["pojo_data.User@49157dd2"],"tags":[]},{"name":"testRegister","uid":"c5d37d186ae4ab7d","parentUid":"70b0907bc7a993ee559a91847bee887c","status":"passed","time":{"start":1771441894287,"stop":1771441894287,"duration":0},"flaky":false,"newFailed":false,"newPassed":false,"newBroken":false,"retriesCount":0,"retriesStatusChange":false,"parameters":["pojo_data.User@238b0d77"],"tags":[]}],"uid":"70b0907bc7a993ee559a91847bee887c"},{"name":"3528@runnervmjduv7.TestNG-tests-1(35)","children":[{"name":"loginSmokeTest","uid":"9213934e6c7baff","parentUid":"727be46fdf244bada04e2fdfcecc1413","status":"passed","time":{"start":1771441892107,"stop":1771441896332,"duration":4225},"flaky":false,"newFailed":false,"newPassed":false,"newBroken":false,"retriesCount":7,"retriesStatusChange":true,"parameters":[],"tags":[]},{"name":"EmployeePageTest","uid":"f8a800a77cf89635","parentUid":"727be46fdf244bada04e2fdfcecc1413","status":"passed","time":{"start":1771441896347,"stop":1771441902707,"duration":6360},"flaky":false,"newFailed":false,"newPassed":false,"newBroken":false,"retriesCount":0,"retriesStatusChange":false,"parameters":[],"tags":[]}],"uid":"727be46fdf244bada04e2fdfcecc1413"},{"name":"3528@runnervmjduv7.TestNG-test-Non-GUI Data Tests-1(38)","children":[{"name":"loginTest","uid":"fe6e5f386887a56a","parentUid":"27536aa9f84c68d52a3ae07ade6c72de","status":"passed","time":{"start":1771441893744,"stop":1771441893748,"duration":4},"flaky":false,"newFailed":false,"newPassed":false,"newBroken":false,"retriesCount":0,"retriesStatusChange":false,"parameters":["pojo_data.TestDataObjects@76096bd8"],"tags":[]},{"name":"loginTest","uid":"2f9b8e3bf0b902de","parentUid":"27536aa9f84c68d52a3ae07ade6c72de","status":"passed","time":{"start":1771441893754,"stop":1771441893755,"duration":1},"flaky":false,"newFailed":false,"newPassed":false,"newBroken":false,"retriesCount":0,"retriesStatusChange":false,"parameters":["pojo_data.TestDataObjects@6314ac47"],"tags":[]},{"name":"loginTest","uid":"eb63dbe05b81f1ba","parentUid":"27536aa9f84c68d52a3ae07ade6c72de","status":"passed","time":{"start":1771441893767,"stop":1771441893767,"duration":0},"flaky":false,"newFailed":false,"newPassed":false,"newBroken":false,"retriesCount":0,"retriesStatusChange":false,"parameters":["pojo_data.TestDataObjects@770f73ae"],"tags":[]},{"name":"loginTest","uid":"b28d3cbba59d702b","parentUid":"27536aa9f84c68d52a3ae07ade6c72de","status":"passed","time":{"start":1771441893415,"stop":1771441893426,"duration":11},"flaky":false,"newFailed":false,"newPassed":false,"newBroken":false,"retriesCount":0,"retriesStatusChange":false,"parameters":["pojo_data.TestDataObjects@1aa6c303"],"tags":[]},{"name":"loginTest","uid":"520c57207a9f882e","parentUid":"27536aa9f84c68d52a3ae07ade6c72de","status":"passed","time":{"start":1771441893732,"stop":1771441893736,"duration":4},"flaky":false,"newFailed":false,"newPassed":false,"newBroken":false,"retriesCount":0,"retriesStatusChange":false,"parameters":["pojo_data.TestDataObjects@561358c1"],"tags":[]},{"name":"testCRUDJson","uid":"801977f672e663d7","parentUid":"27536aa9f84c68d52a3ae07ade6c72de","status":"passed","time":{"start":1771441893777,"stop":1771441893888,"duration":111},"flaky":false,"newFailed":false,"newPassed":false,"newBroken":false,"retriesCount":3,"retriesStatusChange":false,"parameters":[],"tags":[]}],"uid":"27536aa9f84c68d52a3ae07ade6c72de"}],"uid":"62f24e2767a2ba5dc6f7813aac246f6e"},{"name":"DESKTOP-E82BV1F","children":[{"name":"20988@DESKTOP-E82BV1F.TestNG-test-Non-GUI Data Tests-3(49)","children":[{"name":"testMethod","uid":"d1e9454647e9f3c","parentUid":"70259ffd76b77882a4dbf4e0f2d7d2f2","status":"passed","time":{"start":1771428775149,"stop":1771428775150,"duration":1},"flaky":false,"newFailed":false,"newPassed":false,"newBroken":false,"retriesCount":0,"retriesStatusChange":false,"parameters":["{TestID=TC003, Field2=BB3, Field3=CC3, Field1=AA3}"],"tags":[]},{"name":"testMethod","uid":"1fc3d51340d4826e","parentUid":"70259ffd76b77882a4dbf4e0f2d7d2f2","status":"passed","time":{"start":1771428775142,"stop":1771428775143,"duration":1},"flaky":false,"newFailed":false,"newPassed":false,"newBroken":false,"retriesCount":0,"retriesStatusChange":false,"parameters":["{TestID=TC001, Field2=BB1, Field3=CC1, Field1=AA1}"],"tags":[]},{"name":"testMethod","uid":"425041603e35fe58","parentUid":"70259ffd76b77882a4dbf4e0f2d7d2f2","status":"passed","time":{"start":1771428775147,"stop":1771428775147,"duration":0},"flaky":false,"newFailed":false,"newPassed":false,"newBroken":false,"retriesCount":0,"retriesStatusChange":false,"parameters":["{TestID=TC002, Field2=BB2, Field3=CC2, Field1=AA2}"],"tags":[]}],"uid":"70259ffd76b77882a4dbf4e0f2d7d2f2"},{"name":"20988@DESKTOP-E82BV1F.TestNG-test-Non-GUI Data Tests-1(47)","children":[{"name":"loginTest","uid":"c1af69246ad7c316","parentUid":"1352eeaa16f4786770ce58e9a4e5f314","status":"passed","time":{"start":1771428774873,"stop":1771428774874,"duration":1},"flaky":false,"newFailed":false,"newPassed":false,"newBroken":false,"retriesCount":0,"retriesStatusChange":false,"parameters":["pojo_data.TestDataObjects@736bcbdc"],"tags":[]},{"name":"loginTest","uid":"93f66f24d36513ac","parentUid":"1352eeaa16f4786770ce58e9a4e5f314","status":"passed","time":{"start":1771428774862,"stop":1771428774863,"duration":1},"flaky":false,"newFailed":false,"newPassed":false,"newBroken":false,"retriesCount":0,"retriesStatusChange":false,"parameters":["pojo_data.TestDataObjects@664bcb65"],"tags":[]},{"name":"loginTest","uid":"ab52b712a0bdf7f9","parentUid":"1352eeaa16f4786770ce58e9a4e5f314","status":"passed","time":{"start":1771428774871,"stop":1771428774871,"duration":0},"flaky":false,"newFailed":false,"newPassed":false,"newBroken":false,"retriesCount":0,"retriesStatusChange":false,"parameters":["pojo_data.TestDataObjects@723d6328"],"tags":[]},{"name":"testCRUDJson","uid":"5a9b07ce0bc5ac74","parentUid":"1352eeaa16f4786770ce58e9a4e5f314","status":"passed","time":{"start":1771428774879,"stop":1771428774938,"duration":59},"flaky":false,"newFailed":false,"newPassed":false,"newBroken":false,"retriesCount":0,"retriesStatusChange":false,"parameters":[],"tags":[]},{"name":"loginTest","uid":"6f74f3f44cb54a7b","parentUid":"1352eeaa16f4786770ce58e9a4e5f314","status":"passed","time":{"start":1771428774738,"stop":1771428774742,"duration":4},"flaky":false,"newFailed":false,"newPassed":false,"newBroken":false,"retriesCount":0,"retriesStatusChange":false,"parameters":["pojo_data.TestDataObjects@70d89432"],"tags":[]},{"name":"loginTest","uid":"ee93848e57ac1fc7","parentUid":"1352eeaa16f4786770ce58e9a4e5f314","status":"passed","time":{"start":1771428774867,"stop":1771428774868,"duration":1},"flaky":false,"newFailed":false,"newPassed":false,"newBroken":false,"retriesCount":0,"retriesStatusChange":false,"parameters":["pojo_data.TestDataObjects@354fb195"],"tags":[]}],"uid":"1352eeaa16f4786770ce58e9a4e5f314"},{"name":"20324@DESKTOP-E82BV1F.main(1)","children":[{"name":"testMethod","uid":"befce176d4a9a4ed","parentUid":"349f948e2b0e092ed6ab29fd98c6a75a","status":"passed","time":{"start":1771426780825,"stop":1771426780825,"duration":0},"flaky":false,"newFailed":false,"newPassed":false,"newBroken":false,"retriesCount":0,"retriesStatusChange":false,"parameters":["{TestID=TC002, Field2=BB2, Field3=CC2, Field1=AA2}"],"tags":[]},{"name":"testMethod","uid":"4b1a5feedf075706","parentUid":"349f948e2b0e092ed6ab29fd98c6a75a","status":"passed","time":{"start":1771426780829,"stop":1771426780829,"duration":0},"flaky":false,"newFailed":false,"newPassed":false,"newBroken":false,"retriesCount":0,"retriesStatusChange":false,"parameters":["{TestID=TC003, Field2=BB3, Field3=CC3, Field1=AA3}"],"tags":[]},{"name":"testMethod","uid":"99f3ab4607efa46c","parentUid":"349f948e2b0e092ed6ab29fd98c6a75a","status":"passed","time":{"start":1771426780752,"stop":1771426780757,"duration":5},"flaky":false,"newFailed":false,"newPassed":false,"newBroken":false,"retriesCount":0,"retriesStatusChange":false,"parameters":["{TestID=TC001, Field2=BB1, Field3=CC1, Field1=AA1}"],"tags":[]}],"uid":"349f948e2b0e092ed6ab29fd98c6a75a"},{"name":"28280@DESKTOP-E82BV1F.TestNG-test-Non-GUI Data Tests-1(47)","children":[{"name":"loginTest","uid":"e234d0d7941d16c1","parentUid":"0a1a60b1422b5e42e36f628a03717e83","status":"passed","time":{"start":1771428483968,"stop":1771428483969,"duration":1},"flaky":false,"newFailed":false,"newPassed":false,"newBroken":false,"retriesCount":0,"retriesStatusChange":false,"parameters":["pojo_data.TestDataObjects@2ab9debf"],"tags":[]},{"name":"testCRUDJson","uid":"23443718dcf4d26","parentUid":"0a1a60b1422b5e42e36f628a03717e83","status":"passed","time":{"start":1771428483979,"stop":1771428484039,"duration":60},"flaky":false,"newFailed":false,"newPassed":false,"newBroken":false,"retriesCount":0,"retriesStatusChange":false,"parameters":[],"tags":[]},{"name":"loginTest","uid":"d820303d376435ba","parentUid":"0a1a60b1422b5e42e36f628a03717e83","status":"passed","time":{"start":1771428483965,"stop":1771428483965,"duration":0},"flaky":false,"newFailed":false,"newPassed":false,"newBroken":false,"retriesCount":0,"retriesStatusChange":false,"parameters":["pojo_data.TestDataObjects@3cc5b17b"],"tags":[]},{"name":"loginTest","uid":"2ed72494ea9a7576","parentUid":"0a1a60b1422b5e42e36f628a03717e83","status":"passed","time":{"start":1771428483971,"stop":1771428483972,"duration":1},"flaky":false,"newFailed":false,"newPassed":false,"newBroken":false,"retriesCount":0,"retriesStatusChange":false,"parameters":["pojo_data.TestDataObjects@521f9a5b"],"tags":[]},{"name":"loginTest","uid":"85323fab9fcc69df","parentUid":"0a1a60b1422b5e42e36f628a03717e83","status":"passed","time":{"start":1771428483974,"stop":1771428483975,"duration":1},"flaky":false,"newFailed":false,"newPassed":false,"newBroken":false,"retriesCount":0,"retriesStatusChange":false,"parameters":["pojo_data.TestDataObjects@103b494"],"tags":[]},{"name":"loginTest","uid":"86a4f70719ae783b","parentUid":"0a1a60b1422b5e42e36f628a03717e83","status":"passed","time":{"start":1771428483848,"stop":1771428483852,"duration":4},"flaky":false,"newFailed":false,"newPassed":false,"newBroken":false,"retriesCount":0,"retriesStatusChange":false,"parameters":["pojo_data.TestDataObjects@26821f30"],"tags":[]}],"uid":"0a1a60b1422b5e42e36f628a03717e83"},{"name":"14696@DESKTOP-E82BV1F.TestNG-tests-2(43)","children":[{"name":"nonGUITest","uid":"d848eafd9629c502","parentUid":"36655cf06422c988cbde26b4cfa6a23d","status":"passed","time":{"start":1771420676939,"stop":1771420689153,"duration":12214},"flaky":false,"newFailed":false,"newPassed":false,"newBroken":false,"retriesCount":0,"retriesStatusChange":false,"parameters":[],"tags":[]},{"name":"loginSmokeTest","uid":"ba960ce53d3851d8","parentUid":"36655cf06422c988cbde26b4cfa6a23d","status":"passed","time":{"start":1771420664674,"stop":1771420676934,"duration":12260},"flaky":false,"newFailed":false,"newPassed":false,"newBroken":false,"retriesCount":0,"retriesStatusChange":false,"parameters":[],"tags":[]}],"uid":"36655cf06422c988cbde26b4cfa6a23d"},{"name":"23092@DESKTOP-E82BV1F.main(1)","children":[{"name":"testMethod","uid":"5a6c41739ca0d09a","parentUid":"a1561d9555cc1c57484d6d9d10f95b24","status":"passed","time":{"start":1771426200982,"stop":1771426200987,"duration":5},"flaky":false,"newFailed":false,"newPassed":false,"newBroken":false,"retriesCount":0,"retriesStatusChange":false,"parameters":["{TestID=TC001, Field2=BB1, Field3=CC1, Field1=AA1}"],"tags":[]},{"name":"testMethod","uid":"9cf163b5b639743c","parentUid":"a1561d9555cc1c57484d6d9d10f95b24","status":"passed","time":{"start":1771426201058,"stop":1771426201059,"duration":1},"flaky":false,"newFailed":false,"newPassed":false,"newBroken":false,"retriesCount":0,"retriesStatusChange":false,"parameters":["{TestID=TC003, Field2=BB3, Field3=CC3, Field1=AA3}"],"tags":[]},{"name":"testMethod","uid":"33ded3f56c8b29c2","parentUid":"a1561d9555cc1c57484d6d9d10f95b24","status":"passed","time":{"start":1771426201055,"stop":1771426201056,"duration":1},"flaky":false,"newFailed":false,"newPassed":false,"newBroken":false,"retriesCount":0,"retriesStatusChange":false,"parameters":["{TestID=TC002, Field2=BB2, Field3=CC2, Field1=AA2}"],"tags":[]}],"uid":"a1561d9555cc1c57484d6d9d10f95b24"},{"name":"18264@DESKTOP-E82BV1F.TestNG-test-Non-GUI Data Tests-1(47)","children":[{"name":"testCRUDJson","uid":"c677d416dbf650f5","parentUid":"6a3f614171703df206f567bc3553f9be","status":"passed","time":{"start":1771428037280,"stop":1771428037366,"duration":86},"flaky":false,"newFailed":false,"newPassed":false,"newBroken":false,"retriesCount":0,"retriesStatusChange":false,"parameters":[],"tags":[]},{"name":"loginTest","uid":"ac5ce7af37981ccb","parentUid":"6a3f614171703df206f567bc3553f9be","status":"passed","time":{"start":1771428037256,"stop":1771428037256,"duration":0},"flaky":false,"newFailed":false,"newPassed":false,"newBroken":false,"retriesCount":0,"retriesStatusChange":false,"parameters":["pojo_data.TestDataObjects@236dfcb1"],"tags":[]},{"name":"loginTest","uid":"ec164d6056c9f273","parentUid":"6a3f614171703df206f567bc3553f9be","status":"passed","time":{"start":1771428037267,"stop":1771428037267,"duration":0},"flaky":false,"newFailed":false,"newPassed":false,"newBroken":false,"retriesCount":0,"retriesStatusChange":false,"parameters":["pojo_data.TestDataObjects@1c87959e"],"tags":[]},{"name":"loginTest","uid":"525b50f1e1cf369d","parentUid":"6a3f614171703df206f567bc3553f9be","status":"passed","time":{"start":1771428037132,"stop":1771428037137,"duration":5},"flaky":false,"newFailed":false,"newPassed":false,"newBroken":false,"retriesCount":0,"retriesStatusChange":false,"parameters":["pojo_data.TestDataObjects@348553c5"],"tags":[]},{"name":"loginTest","uid":"2e8ca904af1f4fd6","parentUid":"6a3f614171703df206f567bc3553f9be","status":"passed","time":{"start":1771428037270,"stop":1771428037271,"duration":1},"flaky":false,"newFailed":false,"newPassed":false,"newBroken":false,"retriesCount":0,"retriesStatusChange":false,"parameters":["pojo_data.TestDataObjects@702b1c04"],"tags":[]},{"name":"loginTest","uid":"4b15013f7b787f51","parentUid":"6a3f614171703df206f567bc3553f9be","status":"passed","time":{"start":1771428037275,"stop":1771428037276,"duration":1},"flaky":false,"newFailed":false,"newPassed":false,"newBroken":false,"retriesCount":0,"retriesStatusChange":false,"parameters":["pojo_data.TestDataObjects@1ea9a01e"],"tags":[]}],"uid":"6a3f614171703df206f567bc3553f9be"},{"name":"2632@DESKTOP-E82BV1F.main(1)","children":[{"name":"testMethod","uid":"1a5ff21337aaf1e0","parentUid":"31241cad58ce4cd037ec371fcfe803e0","status":"passed","time":{"start":1771425663062,"stop":1771425663062,"duration":0},"flaky":false,"newFailed":false,"newPassed":false,"newBroken":false,"retriesCount":0,"retriesStatusChange":false,"parameters":["{TestID=TC002, Field2=BB2, Field3=CC2, Field1=AA2}"],"tags":[]},{"name":"testMethod","uid":"445361a88af24826","parentUid":"31241cad58ce4cd037ec371fcfe803e0","status":"passed","time":{"start":1771425663065,"stop":1771425663066,"duration":1},"flaky":false,"newFailed":false,"newPassed":false,"newBroken":false,"retriesCount":0,"retriesStatusChange":false,"parameters":["{TestID=TC003, Field2=BB3, Field3=CC3, Field1=AA3}"],"tags":[]},{"name":"testMethod","uid":"f4514654d21df3c1","parentUid":"31241cad58ce4cd037ec371fcfe803e0","status":"passed","time":{"start":1771425662997,"stop":1771425663001,"duration":4},"flaky":false,"newFailed":false,"newPassed":false,"newBroken":false,"retriesCount":0,"retriesStatusChange":false,"parameters":["{TestID=TC001, Field2=BB1, Field3=CC1, Field1=AA1}"],"tags":[]}],"uid":"31241cad58ce4cd037ec371fcfe803e0"},{"name":"20988@DESKTOP-E82BV1F.TestNG-tests-1(44)","children":[{"name":"loginSmokeTest","uid":"2426bbc7c1652869","parentUid":"fdefe93fd2d5451301c6f9f46eaa8c30","status":"passed","time":{"start":1771428774154,"stop":1771428783678,"duration":9524},"flaky":false,"newFailed":false,"newPassed":false,"newBroken":false,"retriesCount":0,"retriesStatusChange":false,"parameters":[],"tags":[]},{"name":"nonGUITest","uid":"fb32b28176e7f4eb","parentUid":"fdefe93fd2d5451301c6f9f46eaa8c30","status":"passed","time":{"start":1771428783686,"stop":1771428791951,"duration":8265},"flaky":false,"newFailed":false,"newPassed":false,"newBroken":false,"retriesCount":6,"retriesStatusChange":false,"parameters":[],"tags":[]}],"uid":"fdefe93fd2d5451301c6f9f46eaa8c30"},{"name":"20988@DESKTOP-E82BV1F.TestNG-tests-2(45)","children":[{"name":"nonGUITest","uid":"ae64f5abeb381dd6","parentUid":"75773f3797b1e66a537b24891b525b35","status":"passed","time":{"start":1771428784000,"stop":1771428791979,"duration":7979},"flaky":false,"newFailed":false,"newPassed":false,"newBroken":false,"retriesCount":6,"retriesStatusChange":false,"parameters":[],"tags":[]},{"name":"loginSmokeTest","uid":"87b52e7244eb7774","parentUid":"75773f3797b1e66a537b24891b525b35","status":"passed","time":{"start":1771428774152,"stop":1771428783998,"duration":9846},"flaky":false,"newFailed":false,"newPassed":false,"newBroken":false,"retriesCount":0,"retriesStatusChange":false,"parameters":[],"tags":[]}],"uid":"75773f3797b1e66a537b24891b525b35"},{"name":"28280@DESKTOP-E82BV1F.TestNG-test-Non-GUI Data Tests-3(49)","children":[{"name":"testMethod","uid":"133e371a69b2682c","parentUid":"cce5df90eeb8b1557963dea972677878","status":"passed","time":{"start":1771428484231,"stop":1771428484231,"duration":0},"flaky":false,"newFailed":false,"newPassed":false,"newBroken":false,"retriesCount":0,"retriesStatusChange":false,"parameters":["{TestID=TC003, Field2=BB3, Field3=CC3, Field1=AA3}"],"tags":[]},{"name":"testMethod","uid":"2ee1e53463d8ce16","parentUid":"cce5df90eeb8b1557963dea972677878","status":"passed","time":{"start":1771428484227,"stop":1771428484228,"duration":1},"flaky":false,"newFailed":false,"newPassed":false,"newBroken":false,"retriesCount":0,"retriesStatusChange":false,"parameters":["{TestID=TC002, Field2=BB2, Field3=CC2, Field1=AA2}"],"tags":[]},{"name":"testMethod","uid":"fb3dbc05985276d","parentUid":"cce5df90eeb8b1557963dea972677878","status":"passed","time":{"start":1771428484224,"stop":1771428484224,"duration":0},"flaky":false,"newFailed":false,"newPassed":false,"newBroken":false,"retriesCount":0,"retriesStatusChange":false,"parameters":["{TestID=TC001, Field2=BB1, Field3=CC1, Field1=AA1}"],"tags":[]}],"uid":"cce5df90eeb8b1557963dea972677878"},{"name":"27608@DESKTOP-E82BV1F.main(1)","children":[{"name":"testMethod","uid":"407dfd225009be01","parentUid":"3e728544c61cd68afe0baafb97a60448","status":"passed","time":{"start":1771426057110,"stop":1771426057111,"duration":1},"flaky":false,"newFailed":false,"newPassed":false,"newBroken":false,"retriesCount":0,"retriesStatusChange":false,"parameters":["{TestID=TC003, Field2=BB3, Field3=CC3, Field1=AA3}"],"tags":[]},{"name":"testMethod","uid":"16dcf0845e144dda","parentUid":"3e728544c61cd68afe0baafb97a60448","status":"passed","time":{"start":1771426057107,"stop":1771426057108,"duration":1},"flaky":false,"newFailed":false,"newPassed":false,"newBroken":false,"retriesCount":0,"retriesStatusChange":false,"parameters":["{TestID=TC002, Field2=BB2, Field3=CC2, Field1=AA2}"],"tags":[]},{"name":"testMethod","uid":"dfc2085bafc2b1e7","parentUid":"3e728544c61cd68afe0baafb97a60448","status":"passed","time":{"start":1771426057037,"stop":1771426057043,"duration":6},"flaky":false,"newFailed":false,"newPassed":false,"newBroken":false,"retriesCount":0,"retriesStatusChange":false,"parameters":["{TestID=TC001, Field2=BB1, Field3=CC1, Field1=AA1}"],"tags":[]}],"uid":"3e728544c61cd68afe0baafb97a60448"},{"name":"26744@DESKTOP-E82BV1F.TestNG-tests-1(42)","children":[{"name":"loginSmokeTest","uid":"9ba59778beff1aaf","parentUid":"b2a422194d5c35b67b24b7df4e109928","status":"broken","time":{"start":1771420494428,"stop":1771420595692,"duration":101264},"flaky":false,"newFailed":false,"newPassed":false,"newBroken":false,"retriesCount":0,"retriesStatusChange":false,"parameters":[],"tags":[]},{"name":"nonGUITest","uid":"4f298a2466c06f9","parentUid":"b2a422194d5c35b67b24b7df4e109928","status":"passed","time":{"start":1771420595699,"stop":1771420611262,"duration":15563},"flaky":false,"newFailed":false,"newPassed":false,"newBroken":false,"retriesCount":0,"retriesStatusChange":false,"parameters":[],"tags":[]}],"uid":"b2a422194d5c35b67b24b7df4e109928"},{"name":"18264@DESKTOP-E82BV1F.TestNG-test-Non-GUI Data Tests-3(49)","children":[{"name":"testMethod","uid":"a8d8a6a27c886d77","parentUid":"35c2c228c871fcc8e397feb37d47a6aa","status":"passed","time":{"start":1771428037603,"stop":1771428037603,"duration":0},"flaky":false,"newFailed":false,"newPassed":false,"newBroken":false,"retriesCount":0,"retriesStatusChange":false,"parameters":["{TestID=TC003, Field2=BB3, Field3=CC3, Field1=AA3}"],"tags":[]},{"name":"testMethod","uid":"9d675f435ae50b5c","parentUid":"35c2c228c871fcc8e397feb37d47a6aa","status":"passed","time":{"start":1771428037600,"stop":1771428037600,"duration":0},"flaky":false,"newFailed":false,"newPassed":false,"newBroken":false,"retriesCount":0,"retriesStatusChange":false,"parameters":["{TestID=TC002, Field2=BB2, Field3=CC2, Field1=AA2}"],"tags":[]},{"name":"testMethod","uid":"a4260db692f79bc4","parentUid":"35c2c228c871fcc8e397feb37d47a6aa","status":"passed","time":{"start":1771428037597,"stop":1771428037598,"duration":1},"flaky":false,"newFailed":false,"newPassed":false,"newBroken":false,"retriesCount":0,"retriesStatusChange":false,"parameters":["{TestID=TC001, Field2=BB1, Field3=CC1, Field1=AA1}"],"tags":[]}],"uid":"35c2c228c871fcc8e397feb37d47a6aa"},{"name":"6500@DESKTOP-E82BV1F.main(1)","children":[{"name":"testMethod","uid":"bf9bc01250b2941d","parentUid":"8288e5276398912a57909a98614fbf43","status":"broken","time":{"start":1771426910922,"stop":1771426910924,"duration":2},"flaky":false,"newFailed":false,"newPassed":false,"newBroken":false,"retriesCount":0,"retriesStatusChange":false,"parameters":[],"tags":[]}],"uid":"8288e5276398912a57909a98614fbf43"},{"name":"28280@DESKTOP-E82BV1F.TestNG-tests-1(44)","children":[{"name":"loginSmokeTest","uid":"180f87d3b8d3a989","parentUid":"610cab3346f1d1d2d50d780b12920f50","status":"passed","time":{"start":1771428483214,"stop":1771428490799,"duration":7585},"flaky":false,"newFailed":false,"newPassed":false,"newBroken":false,"retriesCount":0,"retriesStatusChange":false,"parameters":[],"tags":[]},{"name":"nonGUITest","uid":"88bf9ae3ac9259dd","parentUid":"610cab3346f1d1d2d50d780b12920f50","status":"passed","time":{"start":1771428490807,"stop":1771428497657,"duration":6850},"flaky":false,"newFailed":false,"newPassed":false,"newBroken":false,"retriesCount":0,"retriesStatusChange":false,"parameters":[],"tags":[]}],"uid":"610cab3346f1d1d2d50d780b12920f50"},{"name":"20988@DESKTOP-E82BV1F.TestNG-test-Non-GUI Data Tests-2(48)","children":[{"name":"testRegister","uid":"39efd9f1ecb03bc0","parentUid":"32496fa09b7731dd63eb8184569616cb","status":"passed","time":{"start":1771428774901,"stop":1771428774903,"duration":2},"flaky":false,"newFailed":false,"newPassed":false,"newBroken":false,"retriesCount":0,"retriesStatusChange":false,"parameters":["pojo_data.User@2fc52ab9"],"tags":[]},{"name":"testRegister","uid":"20fa36c738a8b13c","parentUid":"32496fa09b7731dd63eb8184569616cb","status":"passed","time":{"start":1771428774905,"stop":1771428774906,"duration":1},"flaky":false,"newFailed":false,"newPassed":false,"newBroken":false,"retriesCount":0,"retriesStatusChange":false,"parameters":["pojo_data.User@4bfd034a"],"tags":[]}],"uid":"32496fa09b7731dd63eb8184569616cb"},{"name":"1012@DESKTOP-E82BV1F.main(1)","children":[{"name":"testMethod","uid":"3797d512c8b97770","parentUid":"51d2623fa11a875787fcfc4255fbdc5a","status":"passed","time":{"start":1771426270162,"stop":1771426270162,"duration":0},"flaky":false,"newFailed":false,"newPassed":false,"newBroken":false,"retriesCount":0,"retriesStatusChange":false,"parameters":["{TestID=TC003, Field2=BB3, Field3=CC3, Field1=AA3}"],"tags":[]},{"name":"testMethod","uid":"6d8631f23fbc70aa","parentUid":"51d2623fa11a875787fcfc4255fbdc5a","status":"passed","time":{"start":1771426270095,"stop":1771426270100,"duration":5},"flaky":false,"newFailed":false,"newPassed":false,"newBroken":false,"retriesCount":0,"retriesStatusChange":false,"parameters":["{TestID=TC001, Field2=BB1, Field3=CC1, Field1=AA1}"],"tags":[]},{"name":"testMethod","uid":"bb834393bb579350","parentUid":"51d2623fa11a875787fcfc4255fbdc5a","status":"passed","time":{"start":1771426270158,"stop":1771426270159,"duration":1},"flaky":false,"newFailed":false,"newPassed":false,"newBroken":false,"retriesCount":0,"retriesStatusChange":false,"parameters":["{TestID=TC002, Field2=BB2, Field3=CC2, Field1=AA2}"],"tags":[]}],"uid":"51d2623fa11a875787fcfc4255fbdc5a"},{"name":"18264@DESKTOP-E82BV1F.TestNG-test-Non-GUI Data Tests-2(48)","children":[{"name":"testRegister","uid":"dce89c31ffe346c2","parentUid":"86cd1f59f9da77b5fb516573deab316a","status":"passed","time":{"start":1771428037422,"stop":1771428037423,"duration":1},"flaky":false,"newFailed":false,"newPassed":false,"newBroken":false,"retriesCount":0,"retriesStatusChange":false,"parameters":["pojo_data.User@3254b3e6"],"tags":[]},{"name":"testRegister","uid":"d310565e8c18742d","parentUid":"86cd1f59f9da77b5fb516573deab316a","status":"passed","time":{"start":1771428037426,"stop":1771428037426,"duration":0},"flaky":false,"newFailed":false,"newPassed":false,"newBroken":false,"retriesCount":0,"retriesStatusChange":false,"parameters":["pojo_data.User@74369067"],"tags":[]}],"uid":"86cd1f59f9da77b5fb516573deab316a"},{"name":"14696@DESKTOP-E82BV1F.TestNG-tests-1(42)","children":[{"name":"nonGUITest","uid":"3e17838b84c1b616","parentUid":"0edaec74f72cfedfb092b45fd54c4c2c","status":"passed","time":{"start":1771420675819,"stop":1771420689681,"duration":13862},"flaky":false,"newFailed":false,"newPassed":false,"newBroken":false,"retriesCount":0,"retriesStatusChange":false,"parameters":[],"tags":[]},{"name":"loginSmokeTest","uid":"9bbe30e03ea3681e","parentUid":"0edaec74f72cfedfb092b45fd54c4c2c","status":"passed","time":{"start":1771420664674,"stop":1771420675741,"duration":11067},"flaky":false,"newFailed":false,"newPassed":false,"newBroken":false,"retriesCount":0,"retriesStatusChange":false,"parameters":[],"tags":[]}],"uid":"0edaec74f72cfedfb092b45fd54c4c2c"},{"name":"15908@DESKTOP-E82BV1F.main(1)","children":[{"name":"testMethod","uid":"c2c585bc25f68555","parentUid":"684a935b1b8c53119ec2409e1c060aef","status":"passed","time":{"start":1771426654126,"stop":1771426654131,"duration":5},"flaky":false,"newFailed":false,"newPassed":false,"newBroken":false,"retriesCount":0,"retriesStatusChange":false,"parameters":["{TestID=TC001, Field2=BB1, Field3=CC1, Field1=AA1}"],"tags":[]},{"name":"testMethod","uid":"2822e92d6cdf6eef","parentUid":"684a935b1b8c53119ec2409e1c060aef","status":"passed","time":{"start":1771426654206,"stop":1771426654206,"duration":0},"flaky":false,"newFailed":false,"newPassed":false,"newBroken":false,"retriesCount":0,"retriesStatusChange":false,"parameters":["{TestID=TC003, Field2=BB3, Field3=CC3, Field1=AA3}"],"tags":[]},{"name":"testMethod","uid":"48074730398fe315","parentUid":"684a935b1b8c53119ec2409e1c060aef","status":"passed","time":{"start":1771426654203,"stop":1771426654203,"duration":0},"flaky":false,"newFailed":false,"newPassed":false,"newBroken":false,"retriesCount":0,"retriesStatusChange":false,"parameters":["{TestID=TC002, Field2=BB2, Field3=CC2, Field1=AA2}"],"tags":[]}],"uid":"684a935b1b8c53119ec2409e1c060aef"},{"name":"28280@DESKTOP-E82BV1F.TestNG-tests-2(45)","children":[{"name":"nonGUITest","uid":"8c003d9cd2b58803","parentUid":"05fd6f8b882e496a8d8385d5cdf9a61b","status":"passed","time":{"start":1771428491466,"stop":1771428498290,"duration":6824},"flaky":false,"newFailed":false,"newPassed":false,"newBroken":false,"retriesCount":0,"retriesStatusChange":false,"parameters":[],"tags":[]},{"name":"loginSmokeTest","uid":"8db01770e35935a9","parentUid":"05fd6f8b882e496a8d8385d5cdf9a61b","status":"passed","time":{"start":1771428483213,"stop":1771428491457,"duration":8244},"flaky":false,"newFailed":false,"newPassed":false,"newBroken":false,"retriesCount":0,"retriesStatusChange":false,"parameters":[],"tags":[]}],"uid":"05fd6f8b882e496a8d8385d5cdf9a61b"},{"name":"25348@DESKTOP-E82BV1F.main(1)","children":[{"name":"testMethod","uid":"6d84c14954c7f1","parentUid":"c4b63b154c4c04c10790b92296c0e812","status":"passed","time":{"start":1771426697810,"stop":1771426697810,"duration":0},"flaky":false,"newFailed":false,"newPassed":false,"newBroken":false,"retriesCount":0,"retriesStatusChange":false,"parameters":["{TestID=TC003, Field2=BB3, Field3=CC3, Field1=AA3}"],"tags":[]},{"name":"testMethod","uid":"7a3720ed2c6bd16e","parentUid":"c4b63b154c4c04c10790b92296c0e812","status":"passed","time":{"start":1771426697807,"stop":1771426697807,"duration":0},"flaky":false,"newFailed":false,"newPassed":false,"newBroken":false,"retriesCount":0,"retriesStatusChange":false,"parameters":["{TestID=TC002, Field2=BB2, Field3=CC2, Field1=AA2}"],"tags":[]},{"name":"testMethod","uid":"295879dcdfe0ecc8","parentUid":"c4b63b154c4c04c10790b92296c0e812","status":"passed","time":{"start":1771426697729,"stop":1771426697736,"duration":7},"flaky":false,"newFailed":false,"newPassed":false,"newBroken":false,"retriesCount":0,"retriesStatusChange":false,"parameters":["{TestID=TC001, Field2=BB1, Field3=CC1, Field1=AA1}"],"tags":[]}],"uid":"c4b63b154c4c04c10790b92296c0e812"},{"name":"27956@DESKTOP-E82BV1F.main(1)","children":[{"name":"testMethod","uid":"f21943c6538c48ab","parentUid":"b587d0090af898aee823d3744070d5f7","status":"broken","time":{"start":1771426756246,"stop":1771426756248,"duration":2},"flaky":false,"newFailed":false,"newPassed":false,"newBroken":false,"retriesCount":0,"retriesStatusChange":false,"parameters":[],"tags":[]}],"uid":"b587d0090af898aee823d3744070d5f7"},{"name":"18264@DESKTOP-E82BV1F.TestNG-tests-2(45)","children":[{"name":"nonGUITest","uid":"a15532ea24101965","parentUid":"e380a8fbb589c4fc6a10051d1f140984","status":"passed","time":{"start":1771428045343,"stop":1771428053825,"duration":8482},"flaky":false,"newFailed":false,"newPassed":false,"newBroken":false,"retriesCount":0,"retriesStatusChange":false,"parameters":[],"tags":[]},{"name":"loginSmokeTest","uid":"4671f69a4f20b40c","parentUid":"e380a8fbb589c4fc6a10051d1f140984","status":"passed","time":{"start":1771428036508,"stop":1771428045338,"duration":8830},"flaky":false,"newFailed":false,"newPassed":false,"newBroken":false,"retriesCount":0,"retriesStatusChange":false,"parameters":[],"tags":[]}],"uid":"e380a8fbb589c4fc6a10051d1f140984"},{"name":"21488@DESKTOP-E82BV1F.TestNG-tests-1(42)","children":[{"name":"nonGUITest","uid":"6ad402742c6bb481","parentUid":"b501eb6fd08689a6a8d6047871f77fc7","status":"passed","time":{"start":1771422616950,"stop":1771422624783,"duration":7833},"flaky":false,"newFailed":false,"newPassed":false,"newBroken":false,"retriesCount":0,"retriesStatusChange":false,"parameters":[],"tags":[]},{"name":"loginSmokeTest","uid":"264d58702605622d","parentUid":"b501eb6fd08689a6a8d6047871f77fc7","status":"passed","time":{"start":1771422608664,"stop":1771422616907,"duration":8243},"flaky":false,"newFailed":false,"newPassed":false,"newBroken":false,"retriesCount":0,"retriesStatusChange":false,"parameters":[],"tags":[]}],"uid":"b501eb6fd08689a6a8d6047871f77fc7"},{"name":"28280@DESKTOP-E82BV1F.TestNG-test-Non-GUI Data Tests-2(48)","children":[{"name":"testRegister","uid":"f6ca633b16c1f713","parentUid":"b591639c74d74b83395e017fd28a7f46","status":"passed","time":{"start":1771428484062,"stop":1771428484062,"duration":0},"flaky":false,"newFailed":false,"newPassed":false,"newBroken":false,"retriesCount":0,"retriesStatusChange":false,"parameters":["pojo_data.User@400d5223"],"tags":[]},{"name":"testRegister","uid":"d0a505831ffd5797","parentUid":"b591639c74d74b83395e017fd28a7f46","status":"passed","time":{"start":1771428484064,"stop":1771428484065,"duration":1},"flaky":false,"newFailed":false,"newPassed":false,"newBroken":false,"retriesCount":0,"retriesStatusChange":false,"parameters":["pojo_data.User@9222f52"],"tags":[]}],"uid":"b591639c74d74b83395e017fd28a7f46"},{"name":"18264@DESKTOP-E82BV1F.TestNG-tests-1(44)","children":[{"name":"nonGUITest","uid":"6016c76356651ce1","parentUid":"cd8fccbccb192960b231dedd1a6ea64e","status":"passed","time":{"start":1771428049647,"stop":1771428056687,"duration":7040},"flaky":false,"newFailed":false,"newPassed":false,"newBroken":false,"retriesCount":0,"retriesStatusChange":false,"parameters":[],"tags":[]},{"name":"loginSmokeTest","uid":"3520df8dbb96d0d5","parentUid":"cd8fccbccb192960b231dedd1a6ea64e","status":"passed","time":{"start":1771428036508,"stop":1771428049639,"duration":13131},"flaky":false,"newFailed":false,"newPassed":false,"newBroken":false,"retriesCount":0,"retriesStatusChange":false,"parameters":[],"tags":[]}],"uid":"cd8fccbccb192960b231dedd1a6ea64e"},{"name":"7928@DESKTOP-E82BV1F.TestNG-tests-1(42)","children":[{"name":"nonGUITest","uid":"87b8e8bc18c80b3a","parentUid":"c625c5f2b3a3bb711803e5e390e2137e","status":"passed","time":{"start":1771422179283,"stop":1771422186629,"duration":7346},"flaky":false,"newFailed":false,"newPassed":false,"newBroken":false,"retriesCount":0,"retriesStatusChange":false,"parameters":[],"tags":[]},{"name":"loginSmokeTest","uid":"c779672abf6b9e9b","parentUid":"c625c5f2b3a3bb711803e5e390e2137e","status":"passed","time":{"start":1771422171501,"stop":1771422179208,"duration":7707},"flaky":false,"newFailed":false,"newPassed":false,"newBroken":false,"retriesCount":0,"retriesStatusChange":false,"parameters":[],"tags":[]}],"uid":"c625c5f2b3a3bb711803e5e390e2137e"},{"name":"7928@DESKTOP-E82BV1F.TestNG-tests-2(43)","children":[{"name":"nonGUITest","uid":"cb0ce43059c53802","parentUid":"e24c50f6a6506f982206097780d9fafd","status":"passed","time":{"start":1771422179283,"stop":1771422186506,"duration":7223},"flaky":false,"newFailed":false,"newPassed":false,"newBroken":false,"retriesCount":0,"retriesStatusChange":false,"parameters":[],"tags":[]},{"name":"loginSmokeTest","uid":"b800e2b886dc9665","parentUid":"e24c50f6a6506f982206097780d9fafd","status":"passed","time":{"start":1771422171499,"stop":1771422179223,"duration":7724},"flaky":false,"newFailed":false,"newPassed":false,"newBroken":false,"retriesCount":0,"retriesStatusChange":false,"parameters":[],"tags":[]}],"uid":"e24c50f6a6506f982206097780d9fafd"},{"name":"27764@DESKTOP-E82BV1F.main(1)","children":[{"name":"testMethod","uid":"1be63a79db10fde6","parentUid":"67a3e834de959d4e9e7cbd9f57dd623f","status":"broken","time":{"start":1771425593776,"stop":1771425593777,"duration":1},"flaky":false,"newFailed":false,"newPassed":false,"newBroken":false,"retriesCount":0,"retriesStatusChange":false,"parameters":[],"tags":[]}],"uid":"67a3e834de959d4e9e7cbd9f57dd623f"},{"name":"19172@DESKTOP-E82BV1F.main(1)","children":[{"name":"testMethod","uid":"9f1c1c622059f39f","parentUid":"fe90f316be48c165d5a174e75864796c","status":"broken","time":{"start":1771427073089,"stop":1771427073090,"duration":1},"flaky":false,"newFailed":false,"newPassed":false,"newBroken":false,"retriesCount":3,"retriesStatusChange":false,"parameters":[],"tags":[]}],"uid":"fe90f316be48c165d5a174e75864796c"},{"name":"21488@DESKTOP-E82BV1F.TestNG-tests-2(43)","children":[{"name":"loginSmokeTest","uid":"f86d4b42b1529fd1","parentUid":"0129b2383a0357eba4b10b65ab283223","status":"passed","time":{"start":1771422608663,"stop":1771422616860,"duration":8197},"flaky":false,"newFailed":false,"newPassed":false,"newBroken":false,"retriesCount":0,"retriesStatusChange":false,"parameters":[],"tags":[]},{"name":"nonGUITest","uid":"5d4c5ae4add28e","parentUid":"0129b2383a0357eba4b10b65ab283223","status":"passed","time":{"start":1771422616950,"stop":1771422624504,"duration":7554},"flaky":false,"newFailed":false,"newPassed":false,"newBroken":false,"retriesCount":0,"retriesStatusChange":false,"parameters":[],"tags":[]}],"uid":"0129b2383a0357eba4b10b65ab283223"},{"name":"26744@DESKTOP-E82BV1F.TestNG-tests-2(43)","children":[{"name":"nonGUITest","uid":"1fcbeafdde78522","parentUid":"389750c7c8923899add572ba672a1cfb","status":"passed","time":{"start":1771420583788,"stop":1771420608600,"duration":24812},"flaky":false,"newFailed":false,"newPassed":false,"newBroken":false,"retriesCount":0,"retriesStatusChange":false,"parameters":[],"tags":[]},{"name":"loginSmokeTest","uid":"8bc3994bcbe2e589","parentUid":"389750c7c8923899add572ba672a1cfb","status":"broken","time":{"start":1771420494428,"stop":1771420583720,"duration":89292},"flaky":false,"newFailed":false,"newPassed":false,"newBroken":false,"retriesCount":0,"retriesStatusChange":false,"parameters":[],"tags":[]}],"uid":"389750c7c8923899add572ba672a1cfb"}],"uid":"da9cee808eb409733d0077db7388047a"}],"name":"timeline"}