{"uid":"4b4757e66a1912dae1a509f688f20b0f","children":[{"name":"Test defects","children":[{"name":"java.io.FileNotFoundException: null\\data1.xlsx (The system cannot find the path specified)","children":[{"name":"testMethod","uid":"9184700912db7c36","parentUid":"3222a79f54e67c7a0cbb6c4decbb7de6","status":"broken","time":{"start":1771427073089,"stop":1771427073090,"duration":1},"flaky":false,"newFailed":false,"newPassed":false,"newBroken":false,"retriesCount":3,"retriesStatusChange":false,"parameters":[],"tags":[]}],"uid":"3222a79f54e67c7a0cbb6c4decbb7de6"}],"uid":"bdbf199525818fae7a8651db9eafe741"}],"name":"categories"}