{"uid":"83edc06c07f9ae9e47eb6dd1b683e4e2","children":[{"name":"auto01","children":[{"name":"nonguitests","children":[{"name":"TestDDT01","children":[{"name":"testMethod","uid":"9184700912db7c36","parentUid":"a609704f1b9aa348b0c2f0308ca61fa0","status":"broken","time":{"start":1771427073089,"stop":1771427073090,"duration":1},"flaky":false,"newFailed":false,"newPassed":false,"newBroken":false,"retriesCount":3,"retriesStatusChange":false,"parameters":[],"tags":[]},{"name":"testMethod","uid":"20024dd4a7f95044","parentUid":"a609704f1b9aa348b0c2f0308ca61fa0","status":"passed","time":{"start":1771443300808,"stop":1771443300808,"duration":0},"flaky":false,"newFailed":false,"newPassed":false,"newBroken":false,"retriesCount":10,"retriesStatusChange":false,"parameters":["{TestID=TC001, Field2=BB1, Field3=CC1, Field1=AA1}"],"tags":[]},{"name":"testMethod","uid":"f93c58b50cd5ff15","parentUid":"a609704f1b9aa348b0c2f0308ca61fa0","status":"passed","time":{"start":1771443300811,"stop":1771443300812,"duration":1},"flaky":false,"newFailed":false,"newPassed":false,"newBroken":false,"retriesCount":10,"retriesStatusChange":false,"parameters":["{TestID=TC002, Field2=BB2, Field3=CC2, Field1=AA2}"],"tags":[]},{"name":"testMethod","uid":"d45f12cb821cbb77","parentUid":"a609704f1b9aa348b0c2f0308ca61fa0","status":"passed","time":{"start":1771443300814,"stop":1771443300818,"duration":4},"flaky":false,"newFailed":false,"newPassed":false,"newBroken":false,"retriesCount":10,"retriesStatusChange":false,"parameters":["{TestID=TC003, Field2=BB3, Field3=CC3, Field1=AA3}"],"tags":[]}],"uid":"a609704f1b9aa348b0c2f0308ca61fa0"},{"name":"CRUDJsonTest","children":[{"name":"loginTest","uid":"ac6d49e9d8f67ff4","parentUid":"38c482d86eb8dc7da093f9887aac173b","status":"passed","time":{"start":1771428037132,"stop":1771428037137,"duration":5},"flaky":false,"newFailed":false,"newPassed":false,"newBroken":false,"retriesCount":0,"retriesStatusChange":false,"parameters":["pojo_data.TestDataObjects@348553c5"],"tags":[]},{"name":"loginTest","uid":"ece18405b53ba46e","parentUid":"38c482d86eb8dc7da093f9887aac173b","status":"passed","time":{"start":1771428037256,"stop":1771428037256,"duration":0},"flaky":false,"newFailed":false,"newPassed":false,"newBroken":false,"retriesCount":0,"retriesStatusChange":false,"parameters":["pojo_data.TestDataObjects@236dfcb1"],"tags":[]},{"name":"loginTest","uid":"97652384d8380999","parentUid":"38c482d86eb8dc7da093f9887aac173b","status":"passed","time":{"start":1771428037267,"stop":1771428037267,"duration":0},"flaky":false,"newFailed":false,"newPassed":false,"newBroken":false,"retriesCount":0,"retriesStatusChange":false,"parameters":["pojo_data.TestDataObjects@1c87959e"],"tags":[]},{"name":"loginTest","uid":"fc0ecf87bf08468f","parentUid":"38c482d86eb8dc7da093f9887aac173b","status":"passed","time":{"start":1771428037270,"stop":1771428037271,"duration":1},"flaky":false,"newFailed":false,"newPassed":false,"newBroken":false,"retriesCount":0,"retriesStatusChange":false,"parameters":["pojo_data.TestDataObjects@702b1c04"],"tags":[]},{"name":"loginTest","uid":"9bcce1cf874c80a1","parentUid":"38c482d86eb8dc7da093f9887aac173b","status":"passed","time":{"start":1771428037275,"stop":1771428037276,"duration":1},"flaky":false,"newFailed":false,"newPassed":false,"newBroken":false,"retriesCount":0,"retriesStatusChange":false,"parameters":["pojo_data.TestDataObjects@1ea9a01e"],"tags":[]},{"name":"loginTest","uid":"33751019f4986087","parentUid":"38c482d86eb8dc7da093f9887aac173b","status":"passed","time":{"start":1771428483848,"stop":1771428483852,"duration":4},"flaky":false,"newFailed":false,"newPassed":false,"newBroken":false,"retriesCount":0,"retriesStatusChange":false,"parameters":["pojo_data.TestDataObjects@26821f30"],"tags":[]},{"name":"loginTest","uid":"bbec82ea76aae1fa","parentUid":"38c482d86eb8dc7da093f9887aac173b","status":"passed","time":{"start":1771428483965,"stop":1771428483965,"duration":0},"flaky":false,"newFailed":false,"newPassed":false,"newBroken":false,"retriesCount":0,"retriesStatusChange":false,"parameters":["pojo_data.TestDataObjects@3cc5b17b"],"tags":[]},{"name":"loginTest","uid":"5afd539b98370821","parentUid":"38c482d86eb8dc7da093f9887aac173b","status":"passed","time":{"start":1771428483968,"stop":1771428483969,"duration":1},"flaky":false,"newFailed":false,"newPassed":false,"newBroken":false,"retriesCount":0,"retriesStatusChange":false,"parameters":["pojo_data.TestDataObjects@2ab9debf"],"tags":[]},{"name":"loginTest","uid":"617d02cb18fcd0aa","parentUid":"38c482d86eb8dc7da093f9887aac173b","status":"passed","time":{"start":1771428483971,"stop":1771428483972,"duration":1},"flaky":false,"newFailed":false,"newPassed":false,"newBroken":false,"retriesCount":0,"retriesStatusChange":false,"parameters":["pojo_data.TestDataObjects@521f9a5b"],"tags":[]},{"name":"loginTest","uid":"dcb4e69ce9e802f7","parentUid":"38c482d86eb8dc7da093f9887aac173b","status":"passed","time":{"start":1771428483974,"stop":1771428483975,"duration":1},"flaky":false,"newFailed":false,"newPassed":false,"newBroken":false,"retriesCount":0,"retriesStatusChange":false,"parameters":["pojo_data.TestDataObjects@103b494"],"tags":[]},{"name":"loginTest","uid":"eb67e4af33148851","parentUid":"38c482d86eb8dc7da093f9887aac173b","status":"passed","time":{"start":1771428774738,"stop":1771428774742,"duration":4},"flaky":false,"newFailed":false,"newPassed":false,"newBroken":false,"retriesCount":0,"retriesStatusChange":false,"parameters":["pojo_data.TestDataObjects@70d89432"],"tags":[]},{"name":"loginTest","uid":"85d917f9b9a21c5e","parentUid":"38c482d86eb8dc7da093f9887aac173b","status":"passed","time":{"start":1771428774862,"stop":1771428774863,"duration":1},"flaky":false,"newFailed":false,"newPassed":false,"newBroken":false,"retriesCount":0,"retriesStatusChange":false,"parameters":["pojo_data.TestDataObjects@664bcb65"],"tags":[]},{"name":"loginTest","uid":"8edabab60bc86cbf","parentUid":"38c482d86eb8dc7da093f9887aac173b","status":"passed","time":{"start":1771428774867,"stop":1771428774868,"duration":1},"flaky":false,"newFailed":false,"newPassed":false,"newBroken":false,"retriesCount":0,"retriesStatusChange":false,"parameters":["pojo_data.TestDataObjects@354fb195"],"tags":[]},{"name":"loginTest","uid":"495b514fa663e511","parentUid":"38c482d86eb8dc7da093f9887aac173b","status":"passed","time":{"start":1771428774871,"stop":1771428774871,"duration":0},"flaky":false,"newFailed":false,"newPassed":false,"newBroken":false,"retriesCount":0,"retriesStatusChange":false,"parameters":["pojo_data.TestDataObjects@723d6328"],"tags":[]},{"name":"loginTest","uid":"5658bf092102ccc4","parentUid":"38c482d86eb8dc7da093f9887aac173b","status":"passed","time":{"start":1771428774873,"stop":1771428774874,"duration":1},"flaky":false,"newFailed":false,"newPassed":false,"newBroken":false,"retriesCount":0,"retriesStatusChange":false,"parameters":["pojo_data.TestDataObjects@736bcbdc"],"tags":[]},{"name":"loginTest","uid":"7842e842480ecc97","parentUid":"38c482d86eb8dc7da093f9887aac173b","status":"passed","time":{"start":1771443299861,"stop":1771443299887,"duration":26},"flaky":false,"newFailed":false,"newPassed":false,"newBroken":false,"retriesCount":0,"retriesStatusChange":false,"parameters":["pojo_data.TestDataObjects@1c2af9e9"],"tags":[]},{"name":"loginTest","uid":"a35ee7a0986faf8e","parentUid":"38c482d86eb8dc7da093f9887aac173b","status":"passed","time":{"start":1771443300115,"stop":1771443300120,"duration":5},"flaky":false,"newFailed":false,"newPassed":false,"newBroken":false,"retriesCount":0,"retriesStatusChange":false,"parameters":["pojo_data.TestDataObjects@d84b6fc"],"tags":[]},{"name":"loginTest","uid":"be9fae8754e96d8","parentUid":"38c482d86eb8dc7da093f9887aac173b","status":"passed","time":{"start":1771443300130,"stop":1771443300130,"duration":0},"flaky":false,"newFailed":false,"newPassed":false,"newBroken":false,"retriesCount":0,"retriesStatusChange":false,"parameters":["pojo_data.TestDataObjects@304ce35c"],"tags":[]},{"name":"loginTest","uid":"f2c35632cdd7b191","parentUid":"38c482d86eb8dc7da093f9887aac173b","status":"passed","time":{"start":1771443300136,"stop":1771443300136,"duration":0},"flaky":false,"newFailed":false,"newPassed":false,"newBroken":false,"retriesCount":0,"retriesStatusChange":false,"parameters":["pojo_data.TestDataObjects@2581610b"],"tags":[]},{"name":"loginTest","uid":"ba4ac45d8a685c99","parentUid":"38c482d86eb8dc7da093f9887aac173b","status":"passed","time":{"start":1771443300142,"stop":1771443300143,"duration":1},"flaky":false,"newFailed":false,"newPassed":false,"newBroken":false,"retriesCount":0,"retriesStatusChange":false,"parameters":["pojo_data.TestDataObjects@6d46dcb"],"tags":[]},{"name":"testCRUDJson","uid":"fafbed10f9737375","parentUid":"38c482d86eb8dc7da093f9887aac173b","status":"passed","time":{"start":1771443300150,"stop":1771443300295,"duration":145},"flaky":false,"newFailed":false,"newPassed":false,"newBroken":false,"retriesCount":3,"retriesStatusChange":false,"parameters":[],"tags":[]}],"uid":"38c482d86eb8dc7da093f9887aac173b"},{"name":"TestDataFaker","children":[{"name":"testRegister","uid":"bdd4f8b938bb3ab","parentUid":"0c100448e05e3881c8fcccdcc7e4345d","status":"passed","time":{"start":1771428037422,"stop":1771428037423,"duration":1},"flaky":false,"newFailed":false,"newPassed":false,"newBroken":false,"retriesCount":0,"retriesStatusChange":false,"parameters":["pojo_data.User@3254b3e6"],"tags":[]},{"name":"testRegister","uid":"e057571bfb4bab76","parentUid":"0c100448e05e3881c8fcccdcc7e4345d","status":"passed","time":{"start":1771428037426,"stop":1771428037426,"duration":0},"flaky":false,"newFailed":false,"newPassed":false,"newBroken":false,"retriesCount":0,"retriesStatusChange":false,"parameters":["pojo_data.User@74369067"],"tags":[]},{"name":"testRegister","uid":"4faf387045469ebe","parentUid":"0c100448e05e3881c8fcccdcc7e4345d","status":"passed","time":{"start":1771428484062,"stop":1771428484062,"duration":0},"flaky":false,"newFailed":false,"newPassed":false,"newBroken":false,"retriesCount":0,"retriesStatusChange":false,"parameters":["pojo_data.User@400d5223"],"tags":[]},{"name":"testRegister","uid":"d2c760e0de6ad96f","parentUid":"0c100448e05e3881c8fcccdcc7e4345d","status":"passed","time":{"start":1771428484064,"stop":1771428484065,"duration":1},"flaky":false,"newFailed":false,"newPassed":false,"newBroken":false,"retriesCount":0,"retriesStatusChange":false,"parameters":["pojo_data.User@9222f52"],"tags":[]},{"name":"testRegister","uid":"eca1681aee42f4d2","parentUid":"0c100448e05e3881c8fcccdcc7e4345d","status":"passed","time":{"start":1771428774901,"stop":1771428774903,"duration":2},"flaky":false,"newFailed":false,"newPassed":false,"newBroken":false,"retriesCount":0,"retriesStatusChange":false,"parameters":["pojo_data.User@2fc52ab9"],"tags":[]},{"name":"testRegister","uid":"f2438ddd12a8d8b7","parentUid":"0c100448e05e3881c8fcccdcc7e4345d","status":"passed","time":{"start":1771428774905,"stop":1771428774906,"duration":1},"flaky":false,"newFailed":false,"newPassed":false,"newBroken":false,"retriesCount":0,"retriesStatusChange":false,"parameters":["pojo_data.User@4bfd034a"],"tags":[]},{"name":"testRegister","uid":"6cbbb63da8b1a979","parentUid":"0c100448e05e3881c8fcccdcc7e4345d","status":"passed","time":{"start":1771443300830,"stop":1771443300831,"duration":1},"flaky":false,"newFailed":false,"newPassed":false,"newBroken":false,"retriesCount":0,"retriesStatusChange":false,"parameters":["pojo_data.User@1dc0bdd4"],"tags":[]},{"name":"testRegister","uid":"460ebe4c8b7bfcf9","parentUid":"0c100448e05e3881c8fcccdcc7e4345d","status":"passed","time":{"start":1771443300834,"stop":1771443300834,"duration":0},"flaky":false,"newFailed":false,"newPassed":false,"newBroken":false,"retriesCount":0,"retriesStatusChange":false,"parameters":["pojo_data.User@1e0736cc"],"tags":[]}],"uid":"0c100448e05e3881c8fcccdcc7e4345d"}],"uid":"baee6725e5cc3d0cf7a07dcbb26cbd7a"},{"name":"uitests1.LoginTest1","children":[{"name":"nonGUITest","uid":"fff332d885e4fad3","parentUid":"7e324582fbf9e9fe9c3b7ffa42df7728","status":"passed","time":{"start":1771428783686,"stop":1771428791951,"duration":8265},"flaky":false,"newFailed":false,"newPassed":false,"newBroken":false,"retriesCount":6,"retriesStatusChange":false,"parameters":[],"tags":[]},{"name":"loginSmokeTest","uid":"32fffc452fbbbe05","parentUid":"7e324582fbf9e9fe9c3b7ffa42df7728","status":"passed","time":{"start":1771443298441,"stop":1771443302381,"duration":3940},"flaky":false,"newFailed":false,"newPassed":false,"newBroken":false,"retriesCount":7,"retriesStatusChange":true,"parameters":[],"tags":[]},{"name":"EmployeePageTest","uid":"78a7a062e77dbb9a","parentUid":"7e324582fbf9e9fe9c3b7ffa42df7728","status":"passed","time":{"start":1771443302391,"stop":1771443308812,"duration":6421},"flaky":false,"newFailed":false,"newPassed":false,"newBroken":false,"retriesCount":0,"retriesStatusChange":false,"parameters":[],"tags":[]}],"uid":"uitests1.LoginTest1"},{"name":"uitests2.LoginTest2","children":[{"name":"nonGUITest","uid":"f23e8b829014f734","parentUid":"1dea609198ebc27c681db221a0b1a47e","status":"passed","time":{"start":1771428784000,"stop":1771428791979,"duration":7979},"flaky":false,"newFailed":false,"newPassed":false,"newBroken":false,"retriesCount":6,"retriesStatusChange":false,"parameters":[],"tags":[]},{"name":"loginSmokeTest","uid":"f4536c3a38e175d3","parentUid":"1dea609198ebc27c681db221a0b1a47e","status":"passed","time":{"start":1771443298441,"stop":1771443302297,"duration":3856},"flaky":false,"newFailed":false,"newPassed":false,"newBroken":false,"retriesCount":7,"retriesStatusChange":true,"parameters":[],"tags":[]},{"name":"EmployeePageTest","uid":"85e76cefb01e1ebe","parentUid":"1dea609198ebc27c681db221a0b1a47e","status":"passed","time":{"start":1771443302309,"stop":1771443308733,"duration":6424},"flaky":false,"newFailed":false,"newPassed":false,"newBroken":false,"retriesCount":0,"retriesStatusChange":false,"parameters":[],"tags":[]},{"name":"AdminPageTest","uid":"5b3b9f03ddbff722","parentUid":"1dea609198ebc27c681db221a0b1a47e","status":"passed","time":{"start":1771443308736,"stop":1771443314468,"duration":5732},"flaky":false,"newFailed":false,"newPassed":false,"newBroken":false,"retriesCount":0,"retriesStatusChange":false,"parameters":[],"tags":[]}],"uid":"uitests2.LoginTest2"}],"uid":"9bdb4e01fc86f154067cb6f3962f3d60"}],"name":"packages"}