{"uid":"98d3104e051c652961429bf95fa0b5d6","children":[{"name":"Default Suite","children":[{"name":"PlayDiInjectv3","children":[{"name":"auto01.nonguitests.TestDDT01","children":[{"name":"testMethod","uid":"9184700912db7c36","parentUid":"c0237220877537126384eb95b9591031","status":"broken","time":{"start":1771427073089,"stop":1771427073090,"duration":1},"flaky":false,"newFailed":false,"newPassed":false,"newBroken":false,"retriesCount":3,"retriesStatusChange":false,"parameters":[],"tags":[]}],"uid":"c0237220877537126384eb95b9591031"}],"uid":"692c0e3da09ebe96f15c22fbba585d4e"}],"uid":"8399274b4bb69ec8699907dd6ef7de4e"},{"name":"All Test Suite","children":[{"name":"Non-GUI Data Tests","children":[{"name":"auto01.nonguitests.CRUDJsonTest","children":[{"name":"loginTest","uid":"ac6d49e9d8f67ff4","parentUid":"de2b6a6daf4b33768d7a5b2022a71d1d","status":"passed","time":{"start":1771428037132,"stop":1771428037137,"duration":5},"flaky":false,"newFailed":false,"newPassed":false,"newBroken":false,"retriesCount":0,"retriesStatusChange":false,"parameters":["pojo_data.TestDataObjects@348553c5"],"tags":[]},{"name":"loginTest","uid":"ece18405b53ba46e","parentUid":"de2b6a6daf4b33768d7a5b2022a71d1d","status":"passed","time":{"start":1771428037256,"stop":1771428037256,"duration":0},"flaky":false,"newFailed":false,"newPassed":false,"newBroken":false,"retriesCount":0,"retriesStatusChange":false,"parameters":["pojo_data.TestDataObjects@236dfcb1"],"tags":[]},{"name":"loginTest","uid":"97652384d8380999","parentUid":"de2b6a6daf4b33768d7a5b2022a71d1d","status":"passed","time":{"start":1771428037267,"stop":1771428037267,"duration":0},"flaky":false,"newFailed":false,"newPassed":false,"newBroken":false,"retriesCount":0,"retriesStatusChange":false,"parameters":["pojo_data.TestDataObjects@1c87959e"],"tags":[]},{"name":"loginTest","uid":"fc0ecf87bf08468f","parentUid":"de2b6a6daf4b33768d7a5b2022a71d1d","status":"passed","time":{"start":1771428037270,"stop":1771428037271,"duration":1},"flaky":false,"newFailed":false,"newPassed":false,"newBroken":false,"retriesCount":0,"retriesStatusChange":false,"parameters":["pojo_data.TestDataObjects@702b1c04"],"tags":[]},{"name":"loginTest","uid":"9bcce1cf874c80a1","parentUid":"de2b6a6daf4b33768d7a5b2022a71d1d","status":"passed","time":{"start":1771428037275,"stop":1771428037276,"duration":1},"flaky":false,"newFailed":false,"newPassed":false,"newBroken":false,"retriesCount":0,"retriesStatusChange":false,"parameters":["pojo_data.TestDataObjects@1ea9a01e"],"tags":[]},{"name":"loginTest","uid":"33751019f4986087","parentUid":"de2b6a6daf4b33768d7a5b2022a71d1d","status":"passed","time":{"start":1771428483848,"stop":1771428483852,"duration":4},"flaky":false,"newFailed":false,"newPassed":false,"newBroken":false,"retriesCount":0,"retriesStatusChange":false,"parameters":["pojo_data.TestDataObjects@26821f30"],"tags":[]},{"name":"loginTest","uid":"bbec82ea76aae1fa","parentUid":"de2b6a6daf4b33768d7a5b2022a71d1d","status":"passed","time":{"start":1771428483965,"stop":1771428483965,"duration":0},"flaky":false,"newFailed":false,"newPassed":false,"newBroken":false,"retriesCount":0,"retriesStatusChange":false,"parameters":["pojo_data.TestDataObjects@3cc5b17b"],"tags":[]},{"name":"loginTest","uid":"5afd539b98370821","parentUid":"de2b6a6daf4b33768d7a5b2022a71d1d","status":"passed","time":{"start":1771428483968,"stop":1771428483969,"duration":1},"flaky":false,"newFailed":false,"newPassed":false,"newBroken":false,"retriesCount":0,"retriesStatusChange":false,"parameters":["pojo_data.TestDataObjects@2ab9debf"],"tags":[]},{"name":"loginTest","uid":"617d02cb18fcd0aa","parentUid":"de2b6a6daf4b33768d7a5b2022a71d1d","status":"passed","time":{"start":1771428483971,"stop":1771428483972,"duration":1},"flaky":false,"newFailed":false,"newPassed":false,"newBroken":false,"retriesCount":0,"retriesStatusChange":false,"parameters":["pojo_data.TestDataObjects@521f9a5b"],"tags":[]},{"name":"loginTest","uid":"dcb4e69ce9e802f7","parentUid":"de2b6a6daf4b33768d7a5b2022a71d1d","status":"passed","time":{"start":1771428483974,"stop":1771428483975,"duration":1},"flaky":false,"newFailed":false,"newPassed":false,"newBroken":false,"retriesCount":0,"retriesStatusChange":false,"parameters":["pojo_data.TestDataObjects@103b494"],"tags":[]},{"name":"loginTest","uid":"eb67e4af33148851","parentUid":"de2b6a6daf4b33768d7a5b2022a71d1d","status":"passed","time":{"start":1771428774738,"stop":1771428774742,"duration":4},"flaky":false,"newFailed":false,"newPassed":false,"newBroken":false,"retriesCount":0,"retriesStatusChange":false,"parameters":["pojo_data.TestDataObjects@70d89432"],"tags":[]},{"name":"loginTest","uid":"85d917f9b9a21c5e","parentUid":"de2b6a6daf4b33768d7a5b2022a71d1d","status":"passed","time":{"start":1771428774862,"stop":1771428774863,"duration":1},"flaky":false,"newFailed":false,"newPassed":false,"newBroken":false,"retriesCount":0,"retriesStatusChange":false,"parameters":["pojo_data.TestDataObjects@664bcb65"],"tags":[]},{"name":"loginTest","uid":"8edabab60bc86cbf","parentUid":"de2b6a6daf4b33768d7a5b2022a71d1d","status":"passed","time":{"start":1771428774867,"stop":1771428774868,"duration":1},"flaky":false,"newFailed":false,"newPassed":false,"newBroken":false,"retriesCount":0,"retriesStatusChange":false,"parameters":["pojo_data.TestDataObjects@354fb195"],"tags":[]},{"name":"loginTest","uid":"495b514fa663e511","parentUid":"de2b6a6daf4b33768d7a5b2022a71d1d","status":"passed","time":{"start":1771428774871,"stop":1771428774871,"duration":0},"flaky":false,"newFailed":false,"newPassed":false,"newBroken":false,"retriesCount":0,"retriesStatusChange":false,"parameters":["pojo_data.TestDataObjects@723d6328"],"tags":[]},{"name":"loginTest","uid":"5658bf092102ccc4","parentUid":"de2b6a6daf4b33768d7a5b2022a71d1d","status":"passed","time":{"start":1771428774873,"stop":1771428774874,"duration":1},"flaky":false,"newFailed":false,"newPassed":false,"newBroken":false,"retriesCount":0,"retriesStatusChange":false,"parameters":["pojo_data.TestDataObjects@736bcbdc"],"tags":[]},{"name":"loginTest","uid":"7842e842480ecc97","parentUid":"de2b6a6daf4b33768d7a5b2022a71d1d","status":"passed","time":{"start":1771443299861,"stop":1771443299887,"duration":26},"flaky":false,"newFailed":false,"newPassed":false,"newBroken":false,"retriesCount":0,"retriesStatusChange":false,"parameters":["pojo_data.TestDataObjects@1c2af9e9"],"tags":[]},{"name":"loginTest","uid":"a35ee7a0986faf8e","parentUid":"de2b6a6daf4b33768d7a5b2022a71d1d","status":"passed","time":{"start":1771443300115,"stop":1771443300120,"duration":5},"flaky":false,"newFailed":false,"newPassed":false,"newBroken":false,"retriesCount":0,"retriesStatusChange":false,"parameters":["pojo_data.TestDataObjects@d84b6fc"],"tags":[]},{"name":"loginTest","uid":"be9fae8754e96d8","parentUid":"de2b6a6daf4b33768d7a5b2022a71d1d","status":"passed","time":{"start":1771443300130,"stop":1771443300130,"duration":0},"flaky":false,"newFailed":false,"newPassed":false,"newBroken":false,"retriesCount":0,"retriesStatusChange":false,"parameters":["pojo_data.TestDataObjects@304ce35c"],"tags":[]},{"name":"loginTest","uid":"f2c35632cdd7b191","parentUid":"de2b6a6daf4b33768d7a5b2022a71d1d","status":"passed","time":{"start":1771443300136,"stop":1771443300136,"duration":0},"flaky":false,"newFailed":false,"newPassed":false,"newBroken":false,"retriesCount":0,"retriesStatusChange":false,"parameters":["pojo_data.TestDataObjects@2581610b"],"tags":[]},{"name":"loginTest","uid":"ba4ac45d8a685c99","parentUid":"de2b6a6daf4b33768d7a5b2022a71d1d","status":"passed","time":{"start":1771443300142,"stop":1771443300143,"duration":1},"flaky":false,"newFailed":false,"newPassed":false,"newBroken":false,"retriesCount":0,"retriesStatusChange":false,"parameters":["pojo_data.TestDataObjects@6d46dcb"],"tags":[]},{"name":"testCRUDJson","uid":"fafbed10f9737375","parentUid":"de2b6a6daf4b33768d7a5b2022a71d1d","status":"passed","time":{"start":1771443300150,"stop":1771443300295,"duration":145},"flaky":false,"newFailed":false,"newPassed":false,"newBroken":false,"retriesCount":3,"retriesStatusChange":false,"parameters":[],"tags":[]}],"uid":"de2b6a6daf4b33768d7a5b2022a71d1d"},{"name":"auto01.nonguitests.TestDataFaker","children":[{"name":"testRegister","uid":"bdd4f8b938bb3ab","parentUid":"19b75db1eee9c00810fd4527d010cf40","status":"passed","time":{"start":1771428037422,"stop":1771428037423,"duration":1},"flaky":false,"newFailed":false,"newPassed":false,"newBroken":false,"retriesCount":0,"retriesStatusChange":false,"parameters":["pojo_data.User@3254b3e6"],"tags":[]},{"name":"testRegister","uid":"e057571bfb4bab76","parentUid":"19b75db1eee9c00810fd4527d010cf40","status":"passed","time":{"start":1771428037426,"stop":1771428037426,"duration":0},"flaky":false,"newFailed":false,"newPassed":false,"newBroken":false,"retriesCount":0,"retriesStatusChange":false,"parameters":["pojo_data.User@74369067"],"tags":[]},{"name":"testRegister","uid":"4faf387045469ebe","parentUid":"19b75db1eee9c00810fd4527d010cf40","status":"passed","time":{"start":1771428484062,"stop":1771428484062,"duration":0},"flaky":false,"newFailed":false,"newPassed":false,"newBroken":false,"retriesCount":0,"retriesStatusChange":false,"parameters":["pojo_data.User@400d5223"],"tags":[]},{"name":"testRegister","uid":"d2c760e0de6ad96f","parentUid":"19b75db1eee9c00810fd4527d010cf40","status":"passed","time":{"start":1771428484064,"stop":1771428484065,"duration":1},"flaky":false,"newFailed":false,"newPassed":false,"newBroken":false,"retriesCount":0,"retriesStatusChange":false,"parameters":["pojo_data.User@9222f52"],"tags":[]},{"name":"testRegister","uid":"eca1681aee42f4d2","parentUid":"19b75db1eee9c00810fd4527d010cf40","status":"passed","time":{"start":1771428774901,"stop":1771428774903,"duration":2},"flaky":false,"newFailed":false,"newPassed":false,"newBroken":false,"retriesCount":0,"retriesStatusChange":false,"parameters":["pojo_data.User@2fc52ab9"],"tags":[]},{"name":"testRegister","uid":"f2438ddd12a8d8b7","parentUid":"19b75db1eee9c00810fd4527d010cf40","status":"passed","time":{"start":1771428774905,"stop":1771428774906,"duration":1},"flaky":false,"newFailed":false,"newPassed":false,"newBroken":false,"retriesCount":0,"retriesStatusChange":false,"parameters":["pojo_data.User@4bfd034a"],"tags":[]},{"name":"testRegister","uid":"6cbbb63da8b1a979","parentUid":"19b75db1eee9c00810fd4527d010cf40","status":"passed","time":{"start":1771443300830,"stop":1771443300831,"duration":1},"flaky":false,"newFailed":false,"newPassed":false,"newBroken":false,"retriesCount":0,"retriesStatusChange":false,"parameters":["pojo_data.User@1dc0bdd4"],"tags":[]},{"name":"testRegister","uid":"460ebe4c8b7bfcf9","parentUid":"19b75db1eee9c00810fd4527d010cf40","status":"passed","time":{"start":1771443300834,"stop":1771443300834,"duration":0},"flaky":false,"newFailed":false,"newPassed":false,"newBroken":false,"retriesCount":0,"retriesStatusChange":false,"parameters":["pojo_data.User@1e0736cc"],"tags":[]}],"uid":"19b75db1eee9c00810fd4527d010cf40"},{"name":"auto01.nonguitests.TestDDT01","children":[{"name":"testMethod","uid":"20024dd4a7f95044","parentUid":"df53f77c5d68e1cb9c223d08d7ee4e63","status":"passed","time":{"start":1771443300808,"stop":1771443300808,"duration":0},"flaky":false,"newFailed":false,"newPassed":false,"newBroken":false,"retriesCount":10,"retriesStatusChange":false,"parameters":["{TestID=TC001, Field2=BB1, Field3=CC1, Field1=AA1}"],"tags":[]},{"name":"testMethod","uid":"f93c58b50cd5ff15","parentUid":"df53f77c5d68e1cb9c223d08d7ee4e63","status":"passed","time":{"start":1771443300811,"stop":1771443300812,"duration":1},"flaky":false,"newFailed":false,"newPassed":false,"newBroken":false,"retriesCount":10,"retriesStatusChange":false,"parameters":["{TestID=TC002, Field2=BB2, Field3=CC2, Field1=AA2}"],"tags":[]},{"name":"testMethod","uid":"d45f12cb821cbb77","parentUid":"df53f77c5d68e1cb9c223d08d7ee4e63","status":"passed","time":{"start":1771443300814,"stop":1771443300818,"duration":4},"flaky":false,"newFailed":false,"newPassed":false,"newBroken":false,"retriesCount":10,"retriesStatusChange":false,"parameters":["{TestID=TC003, Field2=BB3, Field3=CC3, Field1=AA3}"],"tags":[]}],"uid":"df53f77c5d68e1cb9c223d08d7ee4e63"}],"uid":"de4d257c4c6b68841e28b6591c082764"},{"name":"Ui Data-Driven Test","children":[{"name":"auto01.uitests1.LoginTest1","children":[{"name":"nonGUITest","uid":"fff332d885e4fad3","parentUid":"cbaac5ae731726dbd4d157be4c87579d","status":"passed","time":{"start":1771428783686,"stop":1771428791951,"duration":8265},"flaky":false,"newFailed":false,"newPassed":false,"newBroken":false,"retriesCount":6,"retriesStatusChange":false,"parameters":[],"tags":[]},{"name":"loginSmokeTest","uid":"32fffc452fbbbe05","parentUid":"cbaac5ae731726dbd4d157be4c87579d","status":"passed","time":{"start":1771443298441,"stop":1771443302381,"duration":3940},"flaky":false,"newFailed":false,"newPassed":false,"newBroken":false,"retriesCount":7,"retriesStatusChange":true,"parameters":[],"tags":[]},{"name":"EmployeePageTest","uid":"78a7a062e77dbb9a","parentUid":"cbaac5ae731726dbd4d157be4c87579d","status":"passed","time":{"start":1771443302391,"stop":1771443308812,"duration":6421},"flaky":false,"newFailed":false,"newPassed":false,"newBroken":false,"retriesCount":0,"retriesStatusChange":false,"parameters":[],"tags":[]}],"uid":"cbaac5ae731726dbd4d157be4c87579d"}],"uid":"8391f8846e3e013a4192cdff3cf594f7"},{"name":"Non Lazy Page Initialization Tests","children":[{"name":"auto01.uitests2.LoginTest2","children":[{"name":"nonGUITest","uid":"f23e8b829014f734","parentUid":"e7e7a96db5a96e9d14f37b31b9c8a71a","status":"passed","time":{"start":1771428784000,"stop":1771428791979,"duration":7979},"flaky":false,"newFailed":false,"newPassed":false,"newBroken":false,"retriesCount":6,"retriesStatusChange":false,"parameters":[],"tags":[]},{"name":"loginSmokeTest","uid":"f4536c3a38e175d3","parentUid":"e7e7a96db5a96e9d14f37b31b9c8a71a","status":"passed","time":{"start":1771443298441,"stop":1771443302297,"duration":3856},"flaky":false,"newFailed":false,"newPassed":false,"newBroken":false,"retriesCount":7,"retriesStatusChange":true,"parameters":[],"tags":[]},{"name":"EmployeePageTest","uid":"85e76cefb01e1ebe","parentUid":"e7e7a96db5a96e9d14f37b31b9c8a71a","status":"passed","time":{"start":1771443302309,"stop":1771443308733,"duration":6424},"flaky":false,"newFailed":false,"newPassed":false,"newBroken":false,"retriesCount":0,"retriesStatusChange":false,"parameters":[],"tags":[]},{"name":"AdminPageTest","uid":"5b3b9f03ddbff722","parentUid":"e7e7a96db5a96e9d14f37b31b9c8a71a","status":"passed","time":{"start":1771443308736,"stop":1771443314468,"duration":5732},"flaky":false,"newFailed":false,"newPassed":false,"newBroken":false,"retriesCount":0,"retriesStatusChange":false,"parameters":[],"tags":[]}],"uid":"e7e7a96db5a96e9d14f37b31b9c8a71a"}],"uid":"195102d65af21acfe4e177ef0a2b17d0"}],"uid":"7d0421919ebcae780c955830177c9415"}],"name":"suites"}