{"uid":"ab17fc5a4eb3bca4b216b548c7f9fcbc","children":[{"name":"runnervmjduv7","children":[{"name":"2678@runnervmjduv7.TestNG-test-Non-GUI Data Tests-1(38)","children":[{"name":"loginTest","uid":"ba4ac45d8a685c99","parentUid":"4adf750ca2817385ea20df4d887ad99e","status":"passed","time":{"start":1771443300142,"stop":1771443300143,"duration":1},"flaky":false,"newFailed":false,"newPassed":false,"newBroken":false,"retriesCount":0,"retriesStatusChange":false,"parameters":["pojo_data.TestDataObjects@6d46dcb"],"tags":[]},{"name":"loginTest","uid":"be9fae8754e96d8","parentUid":"4adf750ca2817385ea20df4d887ad99e","status":"passed","time":{"start":1771443300130,"stop":1771443300130,"duration":0},"flaky":false,"newFailed":false,"newPassed":false,"newBroken":false,"retriesCount":0,"retriesStatusChange":false,"parameters":["pojo_data.TestDataObjects@304ce35c"],"tags":[]},{"name":"testCRUDJson","uid":"fafbed10f9737375","parentUid":"4adf750ca2817385ea20df4d887ad99e","status":"passed","time":{"start":1771443300150,"stop":1771443300295,"duration":145},"flaky":false,"newFailed":false,"newPassed":false,"newBroken":false,"retriesCount":3,"retriesStatusChange":false,"parameters":[],"tags":[]},{"name":"loginTest","uid":"f2c35632cdd7b191","parentUid":"4adf750ca2817385ea20df4d887ad99e","status":"passed","time":{"start":1771443300136,"stop":1771443300136,"duration":0},"flaky":false,"newFailed":false,"newPassed":false,"newBroken":false,"retriesCount":0,"retriesStatusChange":false,"parameters":["pojo_data.TestDataObjects@2581610b"],"tags":[]},{"name":"loginTest","uid":"a35ee7a0986faf8e","parentUid":"4adf750ca2817385ea20df4d887ad99e","status":"passed","time":{"start":1771443300115,"stop":1771443300120,"duration":5},"flaky":false,"newFailed":false,"newPassed":false,"newBroken":false,"retriesCount":0,"retriesStatusChange":false,"parameters":["pojo_data.TestDataObjects@d84b6fc"],"tags":[]},{"name":"loginTest","uid":"7842e842480ecc97","parentUid":"4adf750ca2817385ea20df4d887ad99e","status":"passed","time":{"start":1771443299861,"stop":1771443299887,"duration":26},"flaky":false,"newFailed":false,"newPassed":false,"newBroken":false,"retriesCount":0,"retriesStatusChange":false,"parameters":["pojo_data.TestDataObjects@1c2af9e9"],"tags":[]}],"uid":"4adf750ca2817385ea20df4d887ad99e"},{"name":"2678@runnervmjduv7.TestNG-tests-2(36)","children":[{"name":"AdminPageTest","uid":"5b3b9f03ddbff722","parentUid":"f2c3e473a03c8be32e4a755cb568407c","status":"passed","time":{"start":1771443308736,"stop":1771443314468,"duration":5732},"flaky":false,"newFailed":false,"newPassed":false,"newBroken":false,"retriesCount":0,"retriesStatusChange":false,"parameters":[],"tags":[]},{"name":"loginSmokeTest","uid":"f4536c3a38e175d3","parentUid":"f2c3e473a03c8be32e4a755cb568407c","status":"passed","time":{"start":1771443298441,"stop":1771443302297,"duration":3856},"flaky":false,"newFailed":false,"newPassed":false,"newBroken":false,"retriesCount":7,"retriesStatusChange":true,"parameters":[],"tags":[]},{"name":"EmployeePageTest","uid":"85e76cefb01e1ebe","parentUid":"f2c3e473a03c8be32e4a755cb568407c","status":"passed","time":{"start":1771443302309,"stop":1771443308733,"duration":6424},"flaky":false,"newFailed":false,"newPassed":false,"newBroken":false,"retriesCount":0,"retriesStatusChange":false,"parameters":[],"tags":[]}],"uid":"f2c3e473a03c8be32e4a755cb568407c"},{"name":"2678@runnervmjduv7.TestNG-test-Non-GUI Data Tests-3(40)","children":[{"name":"testMethod","uid":"f93c58b50cd5ff15","parentUid":"2af66ca02280891b1c3ba701644d9f51","status":"passed","time":{"start":1771443300811,"stop":1771443300812,"duration":1},"flaky":false,"newFailed":false,"newPassed":false,"newBroken":false,"retriesCount":10,"retriesStatusChange":false,"parameters":["{TestID=TC002, Field2=BB2, Field3=CC2, Field1=AA2}"],"tags":[]},{"name":"testMethod","uid":"20024dd4a7f95044","parentUid":"2af66ca02280891b1c3ba701644d9f51","status":"passed","time":{"start":1771443300808,"stop":1771443300808,"duration":0},"flaky":false,"newFailed":false,"newPassed":false,"newBroken":false,"retriesCount":10,"retriesStatusChange":false,"parameters":["{TestID=TC001, Field2=BB1, Field3=CC1, Field1=AA1}"],"tags":[]},{"name":"testMethod","uid":"d45f12cb821cbb77","parentUid":"2af66ca02280891b1c3ba701644d9f51","status":"passed","time":{"start":1771443300814,"stop":1771443300818,"duration":4},"flaky":false,"newFailed":false,"newPassed":false,"newBroken":false,"retriesCount":10,"retriesStatusChange":false,"parameters":["{TestID=TC003, Field2=BB3, Field3=CC3, Field1=AA3}"],"tags":[]}],"uid":"2af66ca02280891b1c3ba701644d9f51"},{"name":"2678@runnervmjduv7.TestNG-tests-1(35)","children":[{"name":"EmployeePageTest","uid":"78a7a062e77dbb9a","parentUid":"68c365a90b833c1ba1c78b2ed65d1768","status":"passed","time":{"start":1771443302391,"stop":1771443308812,"duration":6421},"flaky":false,"newFailed":false,"newPassed":false,"newBroken":false,"retriesCount":0,"retriesStatusChange":false,"parameters":[],"tags":[]},{"name":"loginSmokeTest","uid":"32fffc452fbbbe05","parentUid":"68c365a90b833c1ba1c78b2ed65d1768","status":"passed","time":{"start":1771443298441,"stop":1771443302381,"duration":3940},"flaky":false,"newFailed":false,"newPassed":false,"newBroken":false,"retriesCount":7,"retriesStatusChange":true,"parameters":[],"tags":[]}],"uid":"68c365a90b833c1ba1c78b2ed65d1768"},{"name":"2678@runnervmjduv7.TestNG-test-Non-GUI Data Tests-2(39)","children":[{"name":"testRegister","uid":"460ebe4c8b7bfcf9","parentUid":"3f7271ab693b54bf4292912122eabab6","status":"passed","time":{"start":1771443300834,"stop":1771443300834,"duration":0},"flaky":false,"newFailed":false,"newPassed":false,"newBroken":false,"retriesCount":0,"retriesStatusChange":false,"parameters":["pojo_data.User@1e0736cc"],"tags":[]},{"name":"testRegister","uid":"6cbbb63da8b1a979","parentUid":"3f7271ab693b54bf4292912122eabab6","status":"passed","time":{"start":1771443300830,"stop":1771443300831,"duration":1},"flaky":false,"newFailed":false,"newPassed":false,"newBroken":false,"retriesCount":0,"retriesStatusChange":false,"parameters":["pojo_data.User@1dc0bdd4"],"tags":[]}],"uid":"3f7271ab693b54bf4292912122eabab6"}],"uid":"62f24e2767a2ba5dc6f7813aac246f6e"},{"name":"DESKTOP-E82BV1F","children":[{"name":"15908@DESKTOP-E82BV1F.main(1)","children":[{"name":"testMethod","uid":"441f968aee8e9934","parentUid":"684a935b1b8c53119ec2409e1c060aef","status":"passed","time":{"start":1771426654203,"stop":1771426654203,"duration":0},"flaky":false,"newFailed":false,"newPassed":false,"newBroken":false,"retriesCount":0,"retriesStatusChange":false,"parameters":["{TestID=TC002, Field2=BB2, Field3=CC2, Field1=AA2}"],"tags":[]},{"name":"testMethod","uid":"dcd580981960d174","parentUid":"684a935b1b8c53119ec2409e1c060aef","status":"passed","time":{"start":1771426654206,"stop":1771426654206,"duration":0},"flaky":false,"newFailed":false,"newPassed":false,"newBroken":false,"retriesCount":0,"retriesStatusChange":false,"parameters":["{TestID=TC003, Field2=BB3, Field3=CC3, Field1=AA3}"],"tags":[]},{"name":"testMethod","uid":"acdd2140ab754b49","parentUid":"684a935b1b8c53119ec2409e1c060aef","status":"passed","time":{"start":1771426654126,"stop":1771426654131,"duration":5},"flaky":false,"newFailed":false,"newPassed":false,"newBroken":false,"retriesCount":0,"retriesStatusChange":false,"parameters":["{TestID=TC001, Field2=BB1, Field3=CC1, Field1=AA1}"],"tags":[]}],"uid":"684a935b1b8c53119ec2409e1c060aef"},{"name":"26744@DESKTOP-E82BV1F.TestNG-tests-1(42)","children":[{"name":"nonGUITest","uid":"7fde50258cf541e2","parentUid":"b2a422194d5c35b67b24b7df4e109928","status":"passed","time":{"start":1771420595699,"stop":1771420611262,"duration":15563},"flaky":false,"newFailed":false,"newPassed":false,"newBroken":false,"retriesCount":0,"retriesStatusChange":false,"parameters":[],"tags":[]},{"name":"loginSmokeTest","uid":"8278250cbc28ad80","parentUid":"b2a422194d5c35b67b24b7df4e109928","status":"broken","time":{"start":1771420494428,"stop":1771420595692,"duration":101264},"flaky":false,"newFailed":false,"newPassed":false,"newBroken":false,"retriesCount":0,"retriesStatusChange":false,"parameters":[],"tags":[]}],"uid":"b2a422194d5c35b67b24b7df4e109928"},{"name":"20988@DESKTOP-E82BV1F.TestNG-test-Non-GUI Data Tests-3(49)","children":[{"name":"testMethod","uid":"be4bc97029ad7370","parentUid":"70259ffd76b77882a4dbf4e0f2d7d2f2","status":"passed","time":{"start":1771428775142,"stop":1771428775143,"duration":1},"flaky":false,"newFailed":false,"newPassed":false,"newBroken":false,"retriesCount":0,"retriesStatusChange":false,"parameters":["{TestID=TC001, Field2=BB1, Field3=CC1, Field1=AA1}"],"tags":[]},{"name":"testMethod","uid":"c1188fa764de69a","parentUid":"70259ffd76b77882a4dbf4e0f2d7d2f2","status":"passed","time":{"start":1771428775149,"stop":1771428775150,"duration":1},"flaky":false,"newFailed":false,"newPassed":false,"newBroken":false,"retriesCount":0,"retriesStatusChange":false,"parameters":["{TestID=TC003, Field2=BB3, Field3=CC3, Field1=AA3}"],"tags":[]},{"name":"testMethod","uid":"eafd4b6edc38034c","parentUid":"70259ffd76b77882a4dbf4e0f2d7d2f2","status":"passed","time":{"start":1771428775147,"stop":1771428775147,"duration":0},"flaky":false,"newFailed":false,"newPassed":false,"newBroken":false,"retriesCount":0,"retriesStatusChange":false,"parameters":["{TestID=TC002, Field2=BB2, Field3=CC2, Field1=AA2}"],"tags":[]}],"uid":"70259ffd76b77882a4dbf4e0f2d7d2f2"},{"name":"28280@DESKTOP-E82BV1F.TestNG-test-Non-GUI Data Tests-3(49)","children":[{"name":"testMethod","uid":"9866a506950d46e5","parentUid":"cce5df90eeb8b1557963dea972677878","status":"passed","time":{"start":1771428484227,"stop":1771428484228,"duration":1},"flaky":false,"newFailed":false,"newPassed":false,"newBroken":false,"retriesCount":0,"retriesStatusChange":false,"parameters":["{TestID=TC002, Field2=BB2, Field3=CC2, Field1=AA2}"],"tags":[]},{"name":"testMethod","uid":"1121f56acc281221","parentUid":"cce5df90eeb8b1557963dea972677878","status":"passed","time":{"start":1771428484231,"stop":1771428484231,"duration":0},"flaky":false,"newFailed":false,"newPassed":false,"newBroken":false,"retriesCount":0,"retriesStatusChange":false,"parameters":["{TestID=TC003, Field2=BB3, Field3=CC3, Field1=AA3}"],"tags":[]},{"name":"testMethod","uid":"67a2c374d2bbc086","parentUid":"cce5df90eeb8b1557963dea972677878","status":"passed","time":{"start":1771428484224,"stop":1771428484224,"duration":0},"flaky":false,"newFailed":false,"newPassed":false,"newBroken":false,"retriesCount":0,"retriesStatusChange":false,"parameters":["{TestID=TC001, Field2=BB1, Field3=CC1, Field1=AA1}"],"tags":[]}],"uid":"cce5df90eeb8b1557963dea972677878"},{"name":"27956@DESKTOP-E82BV1F.main(1)","children":[{"name":"testMethod","uid":"23cf27cd4acdebcc","parentUid":"b587d0090af898aee823d3744070d5f7","status":"broken","time":{"start":1771426756246,"stop":1771426756248,"duration":2},"flaky":false,"newFailed":false,"newPassed":false,"newBroken":false,"retriesCount":0,"retriesStatusChange":false,"parameters":[],"tags":[]}],"uid":"b587d0090af898aee823d3744070d5f7"},{"name":"18264@DESKTOP-E82BV1F.TestNG-test-Non-GUI Data Tests-2(48)","children":[{"name":"testRegister","uid":"bdd4f8b938bb3ab","parentUid":"86cd1f59f9da77b5fb516573deab316a","status":"passed","time":{"start":1771428037422,"stop":1771428037423,"duration":1},"flaky":false,"newFailed":false,"newPassed":false,"newBroken":false,"retriesCount":0,"retriesStatusChange":false,"parameters":["pojo_data.User@3254b3e6"],"tags":[]},{"name":"testRegister","uid":"e057571bfb4bab76","parentUid":"86cd1f59f9da77b5fb516573deab316a","status":"passed","time":{"start":1771428037426,"stop":1771428037426,"duration":0},"flaky":false,"newFailed":false,"newPassed":false,"newBroken":false,"retriesCount":0,"retriesStatusChange":false,"parameters":["pojo_data.User@74369067"],"tags":[]}],"uid":"86cd1f59f9da77b5fb516573deab316a"},{"name":"27608@DESKTOP-E82BV1F.main(1)","children":[{"name":"testMethod","uid":"1587098cb53ac722","parentUid":"3e728544c61cd68afe0baafb97a60448","status":"passed","time":{"start":1771426057110,"stop":1771426057111,"duration":1},"flaky":false,"newFailed":false,"newPassed":false,"newBroken":false,"retriesCount":0,"retriesStatusChange":false,"parameters":["{TestID=TC003, Field2=BB3, Field3=CC3, Field1=AA3}"],"tags":[]},{"name":"testMethod","uid":"124cec4ffb630c31","parentUid":"3e728544c61cd68afe0baafb97a60448","status":"passed","time":{"start":1771426057107,"stop":1771426057108,"duration":1},"flaky":false,"newFailed":false,"newPassed":false,"newBroken":false,"retriesCount":0,"retriesStatusChange":false,"parameters":["{TestID=TC002, Field2=BB2, Field3=CC2, Field1=AA2}"],"tags":[]},{"name":"testMethod","uid":"afe76807a1576c38","parentUid":"3e728544c61cd68afe0baafb97a60448","status":"passed","time":{"start":1771426057037,"stop":1771426057043,"duration":6},"flaky":false,"newFailed":false,"newPassed":false,"newBroken":false,"retriesCount":0,"retriesStatusChange":false,"parameters":["{TestID=TC001, Field2=BB1, Field3=CC1, Field1=AA1}"],"tags":[]}],"uid":"3e728544c61cd68afe0baafb97a60448"},{"name":"21488@DESKTOP-E82BV1F.TestNG-tests-2(43)","children":[{"name":"loginSmokeTest","uid":"842de25a31bcb8fa","parentUid":"0129b2383a0357eba4b10b65ab283223","status":"passed","time":{"start":1771422608663,"stop":1771422616860,"duration":8197},"flaky":false,"newFailed":false,"newPassed":false,"newBroken":false,"retriesCount":0,"retriesStatusChange":false,"parameters":[],"tags":[]},{"name":"nonGUITest","uid":"83651ea5093c7bf5","parentUid":"0129b2383a0357eba4b10b65ab283223","status":"passed","time":{"start":1771422616950,"stop":1771422624504,"duration":7554},"flaky":false,"newFailed":false,"newPassed":false,"newBroken":false,"retriesCount":0,"retriesStatusChange":false,"parameters":[],"tags":[]}],"uid":"0129b2383a0357eba4b10b65ab283223"},{"name":"28280@DESKTOP-E82BV1F.TestNG-test-Non-GUI Data Tests-1(47)","children":[{"name":"testCRUDJson","uid":"b11dbdaa4d80a80c","parentUid":"0a1a60b1422b5e42e36f628a03717e83","status":"passed","time":{"start":1771428483979,"stop":1771428484039,"duration":60},"flaky":false,"newFailed":false,"newPassed":false,"newBroken":false,"retriesCount":0,"retriesStatusChange":false,"parameters":[],"tags":[]},{"name":"loginTest","uid":"5afd539b98370821","parentUid":"0a1a60b1422b5e42e36f628a03717e83","status":"passed","time":{"start":1771428483968,"stop":1771428483969,"duration":1},"flaky":false,"newFailed":false,"newPassed":false,"newBroken":false,"retriesCount":0,"retriesStatusChange":false,"parameters":["pojo_data.TestDataObjects@2ab9debf"],"tags":[]},{"name":"loginTest","uid":"33751019f4986087","parentUid":"0a1a60b1422b5e42e36f628a03717e83","status":"passed","time":{"start":1771428483848,"stop":1771428483852,"duration":4},"flaky":false,"newFailed":false,"newPassed":false,"newBroken":false,"retriesCount":0,"retriesStatusChange":false,"parameters":["pojo_data.TestDataObjects@26821f30"],"tags":[]},{"name":"loginTest","uid":"bbec82ea76aae1fa","parentUid":"0a1a60b1422b5e42e36f628a03717e83","status":"passed","time":{"start":1771428483965,"stop":1771428483965,"duration":0},"flaky":false,"newFailed":false,"newPassed":false,"newBroken":false,"retriesCount":0,"retriesStatusChange":false,"parameters":["pojo_data.TestDataObjects@3cc5b17b"],"tags":[]},{"name":"loginTest","uid":"dcb4e69ce9e802f7","parentUid":"0a1a60b1422b5e42e36f628a03717e83","status":"passed","time":{"start":1771428483974,"stop":1771428483975,"duration":1},"flaky":false,"newFailed":false,"newPassed":false,"newBroken":false,"retriesCount":0,"retriesStatusChange":false,"parameters":["pojo_data.TestDataObjects@103b494"],"tags":[]},{"name":"loginTest","uid":"617d02cb18fcd0aa","parentUid":"0a1a60b1422b5e42e36f628a03717e83","status":"passed","time":{"start":1771428483971,"stop":1771428483972,"duration":1},"flaky":false,"newFailed":false,"newPassed":false,"newBroken":false,"retriesCount":0,"retriesStatusChange":false,"parameters":["pojo_data.TestDataObjects@521f9a5b"],"tags":[]}],"uid":"0a1a60b1422b5e42e36f628a03717e83"},{"name":"20324@DESKTOP-E82BV1F.main(1)","children":[{"name":"testMethod","uid":"97bb443306108efc","parentUid":"349f948e2b0e092ed6ab29fd98c6a75a","status":"passed","time":{"start":1771426780825,"stop":1771426780825,"duration":0},"flaky":false,"newFailed":false,"newPassed":false,"newBroken":false,"retriesCount":0,"retriesStatusChange":false,"parameters":["{TestID=TC002, Field2=BB2, Field3=CC2, Field1=AA2}"],"tags":[]},{"name":"testMethod","uid":"23aa7bba75b5f8f0","parentUid":"349f948e2b0e092ed6ab29fd98c6a75a","status":"passed","time":{"start":1771426780829,"stop":1771426780829,"duration":0},"flaky":false,"newFailed":false,"newPassed":false,"newBroken":false,"retriesCount":0,"retriesStatusChange":false,"parameters":["{TestID=TC003, Field2=BB3, Field3=CC3, Field1=AA3}"],"tags":[]},{"name":"testMethod","uid":"d427207a34429f22","parentUid":"349f948e2b0e092ed6ab29fd98c6a75a","status":"passed","time":{"start":1771426780752,"stop":1771426780757,"duration":5},"flaky":false,"newFailed":false,"newPassed":false,"newBroken":false,"retriesCount":0,"retriesStatusChange":false,"parameters":["{TestID=TC001, Field2=BB1, Field3=CC1, Field1=AA1}"],"tags":[]}],"uid":"349f948e2b0e092ed6ab29fd98c6a75a"},{"name":"14696@DESKTOP-E82BV1F.TestNG-tests-1(42)","children":[{"name":"loginSmokeTest","uid":"6f029002c7cdfc0d","parentUid":"0edaec74f72cfedfb092b45fd54c4c2c","status":"passed","time":{"start":1771420664674,"stop":1771420675741,"duration":11067},"flaky":false,"newFailed":false,"newPassed":false,"newBroken":false,"retriesCount":0,"retriesStatusChange":false,"parameters":[],"tags":[]},{"name":"nonGUITest","uid":"b2cb24f2d31fb1ad","parentUid":"0edaec74f72cfedfb092b45fd54c4c2c","status":"passed","time":{"start":1771420675819,"stop":1771420689681,"duration":13862},"flaky":false,"newFailed":false,"newPassed":false,"newBroken":false,"retriesCount":0,"retriesStatusChange":false,"parameters":[],"tags":[]}],"uid":"0edaec74f72cfedfb092b45fd54c4c2c"},{"name":"28280@DESKTOP-E82BV1F.TestNG-test-Non-GUI Data Tests-2(48)","children":[{"name":"testRegister","uid":"d2c760e0de6ad96f","parentUid":"b591639c74d74b83395e017fd28a7f46","status":"passed","time":{"start":1771428484064,"stop":1771428484065,"duration":1},"flaky":false,"newFailed":false,"newPassed":false,"newBroken":false,"retriesCount":0,"retriesStatusChange":false,"parameters":["pojo_data.User@9222f52"],"tags":[]},{"name":"testRegister","uid":"4faf387045469ebe","parentUid":"b591639c74d74b83395e017fd28a7f46","status":"passed","time":{"start":1771428484062,"stop":1771428484062,"duration":0},"flaky":false,"newFailed":false,"newPassed":false,"newBroken":false,"retriesCount":0,"retriesStatusChange":false,"parameters":["pojo_data.User@400d5223"],"tags":[]}],"uid":"b591639c74d74b83395e017fd28a7f46"},{"name":"18264@DESKTOP-E82BV1F.TestNG-test-Non-GUI Data Tests-1(47)","children":[{"name":"loginTest","uid":"97652384d8380999","parentUid":"6a3f614171703df206f567bc3553f9be","status":"passed","time":{"start":1771428037267,"stop":1771428037267,"duration":0},"flaky":false,"newFailed":false,"newPassed":false,"newBroken":false,"retriesCount":0,"retriesStatusChange":false,"parameters":["pojo_data.TestDataObjects@1c87959e"],"tags":[]},{"name":"testCRUDJson","uid":"2fdb3d7d3953cd43","parentUid":"6a3f614171703df206f567bc3553f9be","status":"passed","time":{"start":1771428037280,"stop":1771428037366,"duration":86},"flaky":false,"newFailed":false,"newPassed":false,"newBroken":false,"retriesCount":0,"retriesStatusChange":false,"parameters":[],"tags":[]},{"name":"loginTest","uid":"fc0ecf87bf08468f","parentUid":"6a3f614171703df206f567bc3553f9be","status":"passed","time":{"start":1771428037270,"stop":1771428037271,"duration":1},"flaky":false,"newFailed":false,"newPassed":false,"newBroken":false,"retriesCount":0,"retriesStatusChange":false,"parameters":["pojo_data.TestDataObjects@702b1c04"],"tags":[]},{"name":"loginTest","uid":"9bcce1cf874c80a1","parentUid":"6a3f614171703df206f567bc3553f9be","status":"passed","time":{"start":1771428037275,"stop":1771428037276,"duration":1},"flaky":false,"newFailed":false,"newPassed":false,"newBroken":false,"retriesCount":0,"retriesStatusChange":false,"parameters":["pojo_data.TestDataObjects@1ea9a01e"],"tags":[]},{"name":"loginTest","uid":"ac6d49e9d8f67ff4","parentUid":"6a3f614171703df206f567bc3553f9be","status":"passed","time":{"start":1771428037132,"stop":1771428037137,"duration":5},"flaky":false,"newFailed":false,"newPassed":false,"newBroken":false,"retriesCount":0,"retriesStatusChange":false,"parameters":["pojo_data.TestDataObjects@348553c5"],"tags":[]},{"name":"loginTest","uid":"ece18405b53ba46e","parentUid":"6a3f614171703df206f567bc3553f9be","status":"passed","time":{"start":1771428037256,"stop":1771428037256,"duration":0},"flaky":false,"newFailed":false,"newPassed":false,"newBroken":false,"retriesCount":0,"retriesStatusChange":false,"parameters":["pojo_data.TestDataObjects@236dfcb1"],"tags":[]}],"uid":"6a3f614171703df206f567bc3553f9be"},{"name":"27764@DESKTOP-E82BV1F.main(1)","children":[{"name":"testMethod","uid":"24ef6da3e2aa73e7","parentUid":"67a3e834de959d4e9e7cbd9f57dd623f","status":"broken","time":{"start":1771425593776,"stop":1771425593777,"duration":1},"flaky":false,"newFailed":false,"newPassed":false,"newBroken":false,"retriesCount":0,"retriesStatusChange":false,"parameters":[],"tags":[]}],"uid":"67a3e834de959d4e9e7cbd9f57dd623f"},{"name":"21488@DESKTOP-E82BV1F.TestNG-tests-1(42)","children":[{"name":"nonGUITest","uid":"6b937c59e6830110","parentUid":"b501eb6fd08689a6a8d6047871f77fc7","status":"passed","time":{"start":1771422616950,"stop":1771422624783,"duration":7833},"flaky":false,"newFailed":false,"newPassed":false,"newBroken":false,"retriesCount":0,"retriesStatusChange":false,"parameters":[],"tags":[]},{"name":"loginSmokeTest","uid":"d1a81029481dd91c","parentUid":"b501eb6fd08689a6a8d6047871f77fc7","status":"passed","time":{"start":1771422608664,"stop":1771422616907,"duration":8243},"flaky":false,"newFailed":false,"newPassed":false,"newBroken":false,"retriesCount":0,"retriesStatusChange":false,"parameters":[],"tags":[]}],"uid":"b501eb6fd08689a6a8d6047871f77fc7"},{"name":"20988@DESKTOP-E82BV1F.TestNG-tests-2(45)","children":[{"name":"nonGUITest","uid":"f23e8b829014f734","parentUid":"75773f3797b1e66a537b24891b525b35","status":"passed","time":{"start":1771428784000,"stop":1771428791979,"duration":7979},"flaky":false,"newFailed":false,"newPassed":false,"newBroken":false,"retriesCount":6,"retriesStatusChange":false,"parameters":[],"tags":[]},{"name":"loginSmokeTest","uid":"5a2082270a1265bb","parentUid":"75773f3797b1e66a537b24891b525b35","status":"passed","time":{"start":1771428774152,"stop":1771428783998,"duration":9846},"flaky":false,"newFailed":false,"newPassed":false,"newBroken":false,"retriesCount":0,"retriesStatusChange":false,"parameters":[],"tags":[]}],"uid":"75773f3797b1e66a537b24891b525b35"},{"name":"23092@DESKTOP-E82BV1F.main(1)","children":[{"name":"testMethod","uid":"b453c09064ed4f0c","parentUid":"a1561d9555cc1c57484d6d9d10f95b24","status":"passed","time":{"start":1771426200982,"stop":1771426200987,"duration":5},"flaky":false,"newFailed":false,"newPassed":false,"newBroken":false,"retriesCount":0,"retriesStatusChange":false,"parameters":["{TestID=TC001, Field2=BB1, Field3=CC1, Field1=AA1}"],"tags":[]},{"name":"testMethod","uid":"b853c4c0273063e9","parentUid":"a1561d9555cc1c57484d6d9d10f95b24","status":"passed","time":{"start":1771426201058,"stop":1771426201059,"duration":1},"flaky":false,"newFailed":false,"newPassed":false,"newBroken":false,"retriesCount":0,"retriesStatusChange":false,"parameters":["{TestID=TC003, Field2=BB3, Field3=CC3, Field1=AA3}"],"tags":[]},{"name":"testMethod","uid":"b7de250c6a2bda1c","parentUid":"a1561d9555cc1c57484d6d9d10f95b24","status":"passed","time":{"start":1771426201055,"stop":1771426201056,"duration":1},"flaky":false,"newFailed":false,"newPassed":false,"newBroken":false,"retriesCount":0,"retriesStatusChange":false,"parameters":["{TestID=TC002, Field2=BB2, Field3=CC2, Field1=AA2}"],"tags":[]}],"uid":"a1561d9555cc1c57484d6d9d10f95b24"},{"name":"1012@DESKTOP-E82BV1F.main(1)","children":[{"name":"testMethod","uid":"2cffeb85d25469cf","parentUid":"51d2623fa11a875787fcfc4255fbdc5a","status":"passed","time":{"start":1771426270158,"stop":1771426270159,"duration":1},"flaky":false,"newFailed":false,"newPassed":false,"newBroken":false,"retriesCount":0,"retriesStatusChange":false,"parameters":["{TestID=TC002, Field2=BB2, Field3=CC2, Field1=AA2}"],"tags":[]},{"name":"testMethod","uid":"30810b23b0740a3a","parentUid":"51d2623fa11a875787fcfc4255fbdc5a","status":"passed","time":{"start":1771426270162,"stop":1771426270162,"duration":0},"flaky":false,"newFailed":false,"newPassed":false,"newBroken":false,"retriesCount":0,"retriesStatusChange":false,"parameters":["{TestID=TC003, Field2=BB3, Field3=CC3, Field1=AA3}"],"tags":[]},{"name":"testMethod","uid":"dd21e2420ce307a1","parentUid":"51d2623fa11a875787fcfc4255fbdc5a","status":"passed","time":{"start":1771426270095,"stop":1771426270100,"duration":5},"flaky":false,"newFailed":false,"newPassed":false,"newBroken":false,"retriesCount":0,"retriesStatusChange":false,"parameters":["{TestID=TC001, Field2=BB1, Field3=CC1, Field1=AA1}"],"tags":[]}],"uid":"51d2623fa11a875787fcfc4255fbdc5a"},{"name":"2632@DESKTOP-E82BV1F.main(1)","children":[{"name":"testMethod","uid":"387d4ac59ba1bfea","parentUid":"31241cad58ce4cd037ec371fcfe803e0","status":"passed","time":{"start":1771425663062,"stop":1771425663062,"duration":0},"flaky":false,"newFailed":false,"newPassed":false,"newBroken":false,"retriesCount":0,"retriesStatusChange":false,"parameters":["{TestID=TC002, Field2=BB2, Field3=CC2, Field1=AA2}"],"tags":[]},{"name":"testMethod","uid":"69a0ea9d19a424b0","parentUid":"31241cad58ce4cd037ec371fcfe803e0","status":"passed","time":{"start":1771425663065,"stop":1771425663066,"duration":1},"flaky":false,"newFailed":false,"newPassed":false,"newBroken":false,"retriesCount":0,"retriesStatusChange":false,"parameters":["{TestID=TC003, Field2=BB3, Field3=CC3, Field1=AA3}"],"tags":[]},{"name":"testMethod","uid":"821781840b34b8bc","parentUid":"31241cad58ce4cd037ec371fcfe803e0","status":"passed","time":{"start":1771425662997,"stop":1771425663001,"duration":4},"flaky":false,"newFailed":false,"newPassed":false,"newBroken":false,"retriesCount":0,"retriesStatusChange":false,"parameters":["{TestID=TC001, Field2=BB1, Field3=CC1, Field1=AA1}"],"tags":[]}],"uid":"31241cad58ce4cd037ec371fcfe803e0"},{"name":"26744@DESKTOP-E82BV1F.TestNG-tests-2(43)","children":[{"name":"nonGUITest","uid":"cc33f1af20e336e0","parentUid":"389750c7c8923899add572ba672a1cfb","status":"passed","time":{"start":1771420583788,"stop":1771420608600,"duration":24812},"flaky":false,"newFailed":false,"newPassed":false,"newBroken":false,"retriesCount":0,"retriesStatusChange":false,"parameters":[],"tags":[]},{"name":"loginSmokeTest","uid":"c569496b82519657","parentUid":"389750c7c8923899add572ba672a1cfb","status":"broken","time":{"start":1771420494428,"stop":1771420583720,"duration":89292},"flaky":false,"newFailed":false,"newPassed":false,"newBroken":false,"retriesCount":0,"retriesStatusChange":false,"parameters":[],"tags":[]}],"uid":"389750c7c8923899add572ba672a1cfb"},{"name":"18264@DESKTOP-E82BV1F.TestNG-tests-1(44)","children":[{"name":"nonGUITest","uid":"52d6e5ec4ba14a5","parentUid":"cd8fccbccb192960b231dedd1a6ea64e","status":"passed","time":{"start":1771428049647,"stop":1771428056687,"duration":7040},"flaky":false,"newFailed":false,"newPassed":false,"newBroken":false,"retriesCount":0,"retriesStatusChange":false,"parameters":[],"tags":[]},{"name":"loginSmokeTest","uid":"a067c1fb76802daa","parentUid":"cd8fccbccb192960b231dedd1a6ea64e","status":"passed","time":{"start":1771428036508,"stop":1771428049639,"duration":13131},"flaky":false,"newFailed":false,"newPassed":false,"newBroken":false,"retriesCount":0,"retriesStatusChange":false,"parameters":[],"tags":[]}],"uid":"cd8fccbccb192960b231dedd1a6ea64e"},{"name":"20988@DESKTOP-E82BV1F.TestNG-test-Non-GUI Data Tests-1(47)","children":[{"name":"loginTest","uid":"8edabab60bc86cbf","parentUid":"1352eeaa16f4786770ce58e9a4e5f314","status":"passed","time":{"start":1771428774867,"stop":1771428774868,"duration":1},"flaky":false,"newFailed":false,"newPassed":false,"newBroken":false,"retriesCount":0,"retriesStatusChange":false,"parameters":["pojo_data.TestDataObjects@354fb195"],"tags":[]},{"name":"loginTest","uid":"eb67e4af33148851","parentUid":"1352eeaa16f4786770ce58e9a4e5f314","status":"passed","time":{"start":1771428774738,"stop":1771428774742,"duration":4},"flaky":false,"newFailed":false,"newPassed":false,"newBroken":false,"retriesCount":0,"retriesStatusChange":false,"parameters":["pojo_data.TestDataObjects@70d89432"],"tags":[]},{"name":"loginTest","uid":"5658bf092102ccc4","parentUid":"1352eeaa16f4786770ce58e9a4e5f314","status":"passed","time":{"start":1771428774873,"stop":1771428774874,"duration":1},"flaky":false,"newFailed":false,"newPassed":false,"newBroken":false,"retriesCount":0,"retriesStatusChange":false,"parameters":["pojo_data.TestDataObjects@736bcbdc"],"tags":[]},{"name":"loginTest","uid":"495b514fa663e511","parentUid":"1352eeaa16f4786770ce58e9a4e5f314","status":"passed","time":{"start":1771428774871,"stop":1771428774871,"duration":0},"flaky":false,"newFailed":false,"newPassed":false,"newBroken":false,"retriesCount":0,"retriesStatusChange":false,"parameters":["pojo_data.TestDataObjects@723d6328"],"tags":[]},{"name":"testCRUDJson","uid":"6b41570c97bff8b3","parentUid":"1352eeaa16f4786770ce58e9a4e5f314","status":"passed","time":{"start":1771428774879,"stop":1771428774938,"duration":59},"flaky":false,"newFailed":false,"newPassed":false,"newBroken":false,"retriesCount":0,"retriesStatusChange":false,"parameters":[],"tags":[]},{"name":"loginTest","uid":"85d917f9b9a21c5e","parentUid":"1352eeaa16f4786770ce58e9a4e5f314","status":"passed","time":{"start":1771428774862,"stop":1771428774863,"duration":1},"flaky":false,"newFailed":false,"newPassed":false,"newBroken":false,"retriesCount":0,"retriesStatusChange":false,"parameters":["pojo_data.TestDataObjects@664bcb65"],"tags":[]}],"uid":"1352eeaa16f4786770ce58e9a4e5f314"},{"name":"7928@DESKTOP-E82BV1F.TestNG-tests-1(42)","children":[{"name":"loginSmokeTest","uid":"84c6edf3322406ee","parentUid":"c625c5f2b3a3bb711803e5e390e2137e","status":"passed","time":{"start":1771422171501,"stop":1771422179208,"duration":7707},"flaky":false,"newFailed":false,"newPassed":false,"newBroken":false,"retriesCount":0,"retriesStatusChange":false,"parameters":[],"tags":[]},{"name":"nonGUITest","uid":"2c70e9df8abbccac","parentUid":"c625c5f2b3a3bb711803e5e390e2137e","status":"passed","time":{"start":1771422179283,"stop":1771422186629,"duration":7346},"flaky":false,"newFailed":false,"newPassed":false,"newBroken":false,"retriesCount":0,"retriesStatusChange":false,"parameters":[],"tags":[]}],"uid":"c625c5f2b3a3bb711803e5e390e2137e"},{"name":"18264@DESKTOP-E82BV1F.TestNG-test-Non-GUI Data Tests-3(49)","children":[{"name":"testMethod","uid":"929f1293dc9e2895","parentUid":"35c2c228c871fcc8e397feb37d47a6aa","status":"passed","time":{"start":1771428037597,"stop":1771428037598,"duration":1},"flaky":false,"newFailed":false,"newPassed":false,"newBroken":false,"retriesCount":0,"retriesStatusChange":false,"parameters":["{TestID=TC001, Field2=BB1, Field3=CC1, Field1=AA1}"],"tags":[]},{"name":"testMethod","uid":"a35e073ddee22fe8","parentUid":"35c2c228c871fcc8e397feb37d47a6aa","status":"passed","time":{"start":1771428037600,"stop":1771428037600,"duration":0},"flaky":false,"newFailed":false,"newPassed":false,"newBroken":false,"retriesCount":0,"retriesStatusChange":false,"parameters":["{TestID=TC002, Field2=BB2, Field3=CC2, Field1=AA2}"],"tags":[]},{"name":"testMethod","uid":"12838b69e2174759","parentUid":"35c2c228c871fcc8e397feb37d47a6aa","status":"passed","time":{"start":1771428037603,"stop":1771428037603,"duration":0},"flaky":false,"newFailed":false,"newPassed":false,"newBroken":false,"retriesCount":0,"retriesStatusChange":false,"parameters":["{TestID=TC003, Field2=BB3, Field3=CC3, Field1=AA3}"],"tags":[]}],"uid":"35c2c228c871fcc8e397feb37d47a6aa"},{"name":"20988@DESKTOP-E82BV1F.TestNG-tests-1(44)","children":[{"name":"nonGUITest","uid":"fff332d885e4fad3","parentUid":"fdefe93fd2d5451301c6f9f46eaa8c30","status":"passed","time":{"start":1771428783686,"stop":1771428791951,"duration":8265},"flaky":false,"newFailed":false,"newPassed":false,"newBroken":false,"retriesCount":6,"retriesStatusChange":false,"parameters":[],"tags":[]},{"name":"loginSmokeTest","uid":"22d647a13b97c817","parentUid":"fdefe93fd2d5451301c6f9f46eaa8c30","status":"passed","time":{"start":1771428774154,"stop":1771428783678,"duration":9524},"flaky":false,"newFailed":false,"newPassed":false,"newBroken":false,"retriesCount":0,"retriesStatusChange":false,"parameters":[],"tags":[]}],"uid":"fdefe93fd2d5451301c6f9f46eaa8c30"},{"name":"7928@DESKTOP-E82BV1F.TestNG-tests-2(43)","children":[{"name":"nonGUITest","uid":"81388d2706635438","parentUid":"e24c50f6a6506f982206097780d9fafd","status":"passed","time":{"start":1771422179283,"stop":1771422186506,"duration":7223},"flaky":false,"newFailed":false,"newPassed":false,"newBroken":false,"retriesCount":0,"retriesStatusChange":false,"parameters":[],"tags":[]},{"name":"loginSmokeTest","uid":"e900b0f1277ac77e","parentUid":"e24c50f6a6506f982206097780d9fafd","status":"passed","time":{"start":1771422171499,"stop":1771422179223,"duration":7724},"flaky":false,"newFailed":false,"newPassed":false,"newBroken":false,"retriesCount":0,"retriesStatusChange":false,"parameters":[],"tags":[]}],"uid":"e24c50f6a6506f982206097780d9fafd"},{"name":"25348@DESKTOP-E82BV1F.main(1)","children":[{"name":"testMethod","uid":"52a1efdf105723c7","parentUid":"c4b63b154c4c04c10790b92296c0e812","status":"passed","time":{"start":1771426697810,"stop":1771426697810,"duration":0},"flaky":false,"newFailed":false,"newPassed":false,"newBroken":false,"retriesCount":0,"retriesStatusChange":false,"parameters":["{TestID=TC003, Field2=BB3, Field3=CC3, Field1=AA3}"],"tags":[]},{"name":"testMethod","uid":"935af066e53aff57","parentUid":"c4b63b154c4c04c10790b92296c0e812","status":"passed","time":{"start":1771426697807,"stop":1771426697807,"duration":0},"flaky":false,"newFailed":false,"newPassed":false,"newBroken":false,"retriesCount":0,"retriesStatusChange":false,"parameters":["{TestID=TC002, Field2=BB2, Field3=CC2, Field1=AA2}"],"tags":[]},{"name":"testMethod","uid":"a36ea0bd5a59b6f8","parentUid":"c4b63b154c4c04c10790b92296c0e812","status":"passed","time":{"start":1771426697729,"stop":1771426697736,"duration":7},"flaky":false,"newFailed":false,"newPassed":false,"newBroken":false,"retriesCount":0,"retriesStatusChange":false,"parameters":["{TestID=TC001, Field2=BB1, Field3=CC1, Field1=AA1}"],"tags":[]}],"uid":"c4b63b154c4c04c10790b92296c0e812"},{"name":"28280@DESKTOP-E82BV1F.TestNG-tests-1(44)","children":[{"name":"nonGUITest","uid":"3b593b508e50c377","parentUid":"610cab3346f1d1d2d50d780b12920f50","status":"passed","time":{"start":1771428490807,"stop":1771428497657,"duration":6850},"flaky":false,"newFailed":false,"newPassed":false,"newBroken":false,"retriesCount":0,"retriesStatusChange":false,"parameters":[],"tags":[]},{"name":"loginSmokeTest","uid":"4d7fec9385367c59","parentUid":"610cab3346f1d1d2d50d780b12920f50","status":"passed","time":{"start":1771428483214,"stop":1771428490799,"duration":7585},"flaky":false,"newFailed":false,"newPassed":false,"newBroken":false,"retriesCount":0,"retriesStatusChange":false,"parameters":[],"tags":[]}],"uid":"610cab3346f1d1d2d50d780b12920f50"},{"name":"18264@DESKTOP-E82BV1F.TestNG-tests-2(45)","children":[{"name":"loginSmokeTest","uid":"ce271765444ed05a","parentUid":"e380a8fbb589c4fc6a10051d1f140984","status":"passed","time":{"start":1771428036508,"stop":1771428045338,"duration":8830},"flaky":false,"newFailed":false,"newPassed":false,"newBroken":false,"retriesCount":0,"retriesStatusChange":false,"parameters":[],"tags":[]},{"name":"nonGUITest","uid":"4aefc7c0c3f73e88","parentUid":"e380a8fbb589c4fc6a10051d1f140984","status":"passed","time":{"start":1771428045343,"stop":1771428053825,"duration":8482},"flaky":false,"newFailed":false,"newPassed":false,"newBroken":false,"retriesCount":0,"retriesStatusChange":false,"parameters":[],"tags":[]}],"uid":"e380a8fbb589c4fc6a10051d1f140984"},{"name":"20988@DESKTOP-E82BV1F.TestNG-test-Non-GUI Data Tests-2(48)","children":[{"name":"testRegister","uid":"f2438ddd12a8d8b7","parentUid":"32496fa09b7731dd63eb8184569616cb","status":"passed","time":{"start":1771428774905,"stop":1771428774906,"duration":1},"flaky":false,"newFailed":false,"newPassed":false,"newBroken":false,"retriesCount":0,"retriesStatusChange":false,"parameters":["pojo_data.User@4bfd034a"],"tags":[]},{"name":"testRegister","uid":"eca1681aee42f4d2","parentUid":"32496fa09b7731dd63eb8184569616cb","status":"passed","time":{"start":1771428774901,"stop":1771428774903,"duration":2},"flaky":false,"newFailed":false,"newPassed":false,"newBroken":false,"retriesCount":0,"retriesStatusChange":false,"parameters":["pojo_data.User@2fc52ab9"],"tags":[]}],"uid":"32496fa09b7731dd63eb8184569616cb"},{"name":"14696@DESKTOP-E82BV1F.TestNG-tests-2(43)","children":[{"name":"loginSmokeTest","uid":"8ee3611dea42c2e7","parentUid":"36655cf06422c988cbde26b4cfa6a23d","status":"passed","time":{"start":1771420664674,"stop":1771420676934,"duration":12260},"flaky":false,"newFailed":false,"newPassed":false,"newBroken":false,"retriesCount":0,"retriesStatusChange":false,"parameters":[],"tags":[]},{"name":"nonGUITest","uid":"fa5a0c2b9e708b5b","parentUid":"36655cf06422c988cbde26b4cfa6a23d","status":"passed","time":{"start":1771420676939,"stop":1771420689153,"duration":12214},"flaky":false,"newFailed":false,"newPassed":false,"newBroken":false,"retriesCount":0,"retriesStatusChange":false,"parameters":[],"tags":[]}],"uid":"36655cf06422c988cbde26b4cfa6a23d"},{"name":"28280@DESKTOP-E82BV1F.TestNG-tests-2(45)","children":[{"name":"nonGUITest","uid":"9fce73ffc10d9d3b","parentUid":"05fd6f8b882e496a8d8385d5cdf9a61b","status":"passed","time":{"start":1771428491466,"stop":1771428498290,"duration":6824},"flaky":false,"newFailed":false,"newPassed":false,"newBroken":false,"retriesCount":0,"retriesStatusChange":false,"parameters":[],"tags":[]},{"name":"loginSmokeTest","uid":"9faff08c395cf485","parentUid":"05fd6f8b882e496a8d8385d5cdf9a61b","status":"passed","time":{"start":1771428483213,"stop":1771428491457,"duration":8244},"flaky":false,"newFailed":false,"newPassed":false,"newBroken":false,"retriesCount":0,"retriesStatusChange":false,"parameters":[],"tags":[]}],"uid":"05fd6f8b882e496a8d8385d5cdf9a61b"},{"name":"6500@DESKTOP-E82BV1F.main(1)","children":[{"name":"testMethod","uid":"d49baf0cef4ea3c0","parentUid":"8288e5276398912a57909a98614fbf43","status":"broken","time":{"start":1771426910922,"stop":1771426910924,"duration":2},"flaky":false,"newFailed":false,"newPassed":false,"newBroken":false,"retriesCount":0,"retriesStatusChange":false,"parameters":[],"tags":[]}],"uid":"8288e5276398912a57909a98614fbf43"},{"name":"19172@DESKTOP-E82BV1F.main(1)","children":[{"name":"testMethod","uid":"9184700912db7c36","parentUid":"fe90f316be48c165d5a174e75864796c","status":"broken","time":{"start":1771427073089,"stop":1771427073090,"duration":1},"flaky":false,"newFailed":false,"newPassed":false,"newBroken":false,"retriesCount":3,"retriesStatusChange":false,"parameters":[],"tags":[]}],"uid":"fe90f316be48c165d5a174e75864796c"}],"uid":"da9cee808eb409733d0077db7388047a"}],"name":"timeline"}